[0.195s] [34mcolcon[0m [1;30mDEBUG[0m [32mCommand line arguments: ['/home/cube-petit/.local/bin/colcon', 'build'][0m
[0.195s] [34mcolcon[0m [1;30mDEBUG[0m [32mParsed command line arguments: Namespace(log_base=None, log_level=None, verb_name='build', build_base='build', install_base='install', merge_install=False, symlink_install=False, test_result_base=None, continue_on_error=False, executor='parallel', parallel_workers=16, event_handlers=None, ignore_user_meta=False, metas=['./colcon.meta'], base_paths=['.'], packages_ignore=None, packages_ignore_regex=None, paths=None, packages_up_to=None, packages_up_to_regex=None, packages_above=None, packages_above_and_dependencies=None, packages_above_depth=None, packages_select_by_dep=None, packages_skip_by_dep=None, packages_skip_up_to=None, packages_select_build_failed=False, packages_skip_build_finished=False, packages_select_test_failures=False, packages_skip_test_passed=False, packages_select=None, packages_skip=None, packages_select_regex=None, packages_skip_regex=None, packages_start=None, packages_end=None, cmake_args=None, cmake_target=None, cmake_target_skip_unavailable=False, cmake_clean_cache=False, cmake_clean_first=False, cmake_force_configure=False, ament_cmake_args=None, catkin_cmake_args=None, catkin_skip_building_tests=False, verb_parser=<colcon_defaults.argument_parser.defaults.DefaultArgumentsDecorator object at 0x71e558a5ff40>, verb_extension=<colcon_core.verb.build.BuildVerb object at 0x71e558a5ef50>, main=<bound method BuildVerb.main of <colcon_core.verb.build.BuildVerb object at 0x71e558a5ef50>>)[0m
[0.528s] [34mcolcon.colcon_core.package_discovery[0m [1;30mLevel 1[0m discover_packages(colcon_meta) check parameters
[0.528s] [34mcolcon.colcon_core.package_discovery[0m [1;30mLevel 1[0m discover_packages(recursive) check parameters
[0.528s] [34mcolcon.colcon_core.package_discovery[0m [1;30mLevel 1[0m discover_packages(ignore) check parameters
[0.528s] [34mcolcon.colcon_core.package_discovery[0m [1;30mLevel 1[0m discover_packages(path) check parameters
[0.528s] [34mcolcon.colcon_core.package_discovery[0m [1;30mLevel 1[0m discover_packages(colcon_meta) discover
[0.528s] [34mcolcon.colcon_core.package_discovery[0m [1;30mLevel 1[0m discover_packages(recursive) discover
[0.528s] [34mcolcon.colcon_core.package_discovery[0m [1;30mINFO[0m Crawling recursively for packages in '/home/cube-petit/ros/src/cube_petit_ros'
[0.529s] [34mcolcon.colcon_core.package_identification[0m [1;30mLevel 1[0m _identify(.) by extensions ['ignore', 'ignore_ament_install']
[0.529s] [34mcolcon.colcon_core.package_identification[0m [1;30mLevel 1[0m _identify(.) by extension 'ignore'
[0.529s] [34mcolcon.colcon_core.package_identification[0m [1;30mLevel 1[0m _identify(.) by extension 'ignore_ament_install'
[0.529s] [34mcolcon.colcon_core.package_identification[0m [1;30mLevel 1[0m _identify(.) by extensions ['colcon_pkg']
[0.529s] [34mcolcon.colcon_core.package_identification[0m [1;30mLevel 1[0m _identify(.) by extension 'colcon_pkg'
[0.529s] [34mcolcon.colcon_core.package_identification[0m [1;30mLevel 1[0m _identify(.) by extensions ['colcon_meta']
[0.529s] [34mcolcon.colcon_core.package_identification[0m [1;30mLevel 1[0m _identify(.) by extension 'colcon_meta'
[0.529s] [34mcolcon.colcon_core.package_identification[0m [1;30mLevel 1[0m _identify(.) by extensions ['ros']
[0.529s] [34mcolcon.colcon_core.package_identification[0m [1;30mLevel 1[0m _identify(.) by extension 'ros'
[0.545s] [34mcolcon.colcon_core.package_identification[0m [1;30mLevel 1[0m _identify(.) by extensions ['cmake', 'python']
[0.545s] [34mcolcon.colcon_core.package_identification[0m [1;30mLevel 1[0m _identify(.) by extension 'cmake'
[0.545s] [34mcolcon.colcon_core.package_identification[0m [1;30mLevel 1[0m _identify(.) by extension 'python'
[0.545s] [34mcolcon.colcon_core.package_identification[0m [1;30mLevel 1[0m _identify(.) by extensions ['python_setup_py']
[0.545s] [34mcolcon.colcon_core.package_identification[0m [1;30mLevel 1[0m _identify(.) by extension 'python_setup_py'
[0.545s] [34mcolcon.colcon_core.package_identification[0m [1;30mLevel 1[0m _identify(build) by extensions ['ignore', 'ignore_ament_install']
[0.545s] [34mcolcon.colcon_core.package_identification[0m [1;30mLevel 1[0m _identify(build) by extension 'ignore'
[0.545s] [34mcolcon.colcon_core.package_identification[0m [1;30mLevel 1[0m _identify(build) ignored
[0.545s] [34mcolcon.colcon_core.package_identification[0m [1;30mLevel 1[0m _identify(cube_petit_bringup) by extensions ['ignore', 'ignore_ament_install']
[0.545s] [34mcolcon.colcon_core.package_identification[0m [1;30mLevel 1[0m _identify(cube_petit_bringup) by extension 'ignore'
[0.545s] [34mcolcon.colcon_core.package_identification[0m [1;30mLevel 1[0m _identify(cube_petit_bringup) by extension 'ignore_ament_install'
[0.545s] [34mcolcon.colcon_core.package_identification[0m [1;30mLevel 1[0m _identify(cube_petit_bringup) by extensions ['colcon_pkg']
[0.545s] [34mcolcon.colcon_core.package_identification[0m [1;30mLevel 1[0m _identify(cube_petit_bringup) by extension 'colcon_pkg'
[0.545s] [34mcolcon.colcon_core.package_identification[0m [1;30mLevel 1[0m _identify(cube_petit_bringup) by extensions ['colcon_meta']
[0.545s] [34mcolcon.colcon_core.package_identification[0m [1;30mLevel 1[0m _identify(cube_petit_bringup) by extension 'colcon_meta'
[0.546s] [34mcolcon.colcon_core.package_identification[0m [1;30mLevel 1[0m _identify(cube_petit_bringup) by extensions ['ros']
[0.546s] [34mcolcon.colcon_core.package_identification[0m [1;30mLevel 1[0m _identify(cube_petit_bringup) by extension 'ros'
[0.549s] [34mcolcon.colcon_core.package_identification[0m [1;30mDEBUG[0m [32mPackage 'cube_petit_bringup' with type 'ros.ament_cmake' and name 'cube_petit_bringup'[0m
[0.549s] [34mcolcon.colcon_core.package_identification[0m [1;30mLevel 1[0m _identify(cube_petit_description) by extensions ['ignore', 'ignore_ament_install']
[0.549s] [34mcolcon.colcon_core.package_identification[0m [1;30mLevel 1[0m _identify(cube_petit_description) by extension 'ignore'
[0.549s] [34mcolcon.colcon_core.package_identification[0m [1;30mLevel 1[0m _identify(cube_petit_description) by extension 'ignore_ament_install'
[0.549s] [34mcolcon.colcon_core.package_identification[0m [1;30mLevel 1[0m _identify(cube_petit_description) by extensions ['colcon_pkg']
[0.549s] [34mcolcon.colcon_core.package_identification[0m [1;30mLevel 1[0m _identify(cube_petit_description) by extension 'colcon_pkg'
[0.549s] [34mcolcon.colcon_core.package_identification[0m [1;30mLevel 1[0m _identify(cube_petit_description) by extensions ['colcon_meta']
[0.549s] [34mcolcon.colcon_core.package_identification[0m [1;30mLevel 1[0m _identify(cube_petit_description) by extension 'colcon_meta'
[0.549s] [34mcolcon.colcon_core.package_identification[0m [1;30mLevel 1[0m _identify(cube_petit_description) by extensions ['ros']
[0.549s] [34mcolcon.colcon_core.package_identification[0m [1;30mLevel 1[0m _identify(cube_petit_description) by extension 'ros'
[0.550s] [34mcolcon.colcon_core.package_identification[0m [1;30mDEBUG[0m [32mPackage 'cube_petit_description' with type 'ros.ament_cmake' and name 'cube_petit_description'[0m
[0.550s] [34mcolcon.colcon_core.package_identification[0m [1;30mLevel 1[0m _identify(cube_petit_facial_animation) by extensions ['ignore', 'ignore_ament_install']
[0.550s] [34mcolcon.colcon_core.package_identification[0m [1;30mLevel 1[0m _identify(cube_petit_facial_animation) by extension 'ignore'
[0.550s] [34mcolcon.colcon_core.package_identification[0m [1;30mLevel 1[0m _identify(cube_petit_facial_animation) by extension 'ignore_ament_install'
[0.550s] [34mcolcon.colcon_core.package_identification[0m [1;30mLevel 1[0m _identify(cube_petit_facial_animation) by extensions ['colcon_pkg']
[0.550s] [34mcolcon.colcon_core.package_identification[0m [1;30mLevel 1[0m _identify(cube_petit_facial_animation) by extension 'colcon_pkg'
[0.550s] [34mcolcon.colcon_core.package_identification[0m [1;30mLevel 1[0m _identify(cube_petit_facial_animation) by extensions ['colcon_meta']
[0.551s] [34mcolcon.colcon_core.package_identification[0m [1;30mLevel 1[0m _identify(cube_petit_facial_animation) by extension 'colcon_meta'
[0.551s] [34mcolcon.colcon_core.package_identification[0m [1;30mLevel 1[0m _identify(cube_petit_facial_animation) by extensions ['ros']
[0.551s] [34mcolcon.colcon_core.package_identification[0m [1;30mLevel 1[0m _identify(cube_petit_facial_animation) by extension 'ros'
[0.551s] [34mcolcon.colcon_core.package_identification[0m [1;30mDEBUG[0m [32mPackage 'cube_petit_facial_animation' with type 'ros.ament_cmake' and name 'cube_petit_facial_animation'[0m
[0.551s] [34mcolcon.colcon_core.package_identification[0m [1;30mLevel 1[0m _identify(cube_petit_gazebo) by extensions ['ignore', 'ignore_ament_install']
[0.551s] [34mcolcon.colcon_core.package_identification[0m [1;30mLevel 1[0m _identify(cube_petit_gazebo) by extension 'ignore'
[0.551s] [34mcolcon.colcon_core.package_identification[0m [1;30mLevel 1[0m _identify(cube_petit_gazebo) by extension 'ignore_ament_install'
[0.551s] [34mcolcon.colcon_core.package_identification[0m [1;30mLevel 1[0m _identify(cube_petit_gazebo) by extensions ['colcon_pkg']
[0.551s] [34mcolcon.colcon_core.package_identification[0m [1;30mLevel 1[0m _identify(cube_petit_gazebo) by extension 'colcon_pkg'
[0.551s] [34mcolcon.colcon_core.package_identification[0m [1;30mLevel 1[0m _identify(cube_petit_gazebo) by extensions ['colcon_meta']
[0.551s] [34mcolcon.colcon_core.package_identification[0m [1;30mLevel 1[0m _identify(cube_petit_gazebo) by extension 'colcon_meta'
[0.551s] [34mcolcon.colcon_core.package_identification[0m [1;30mLevel 1[0m _identify(cube_petit_gazebo) by extensions ['ros']
[0.552s] [34mcolcon.colcon_core.package_identification[0m [1;30mLevel 1[0m _identify(cube_petit_gazebo) by extension 'ros'
[0.552s] [34mcolcon.colcon_core.package_identification[0m [1;30mDEBUG[0m [32mPackage 'cube_petit_gazebo' with type 'ros.ament_cmake' and name 'cube_petit_gazebo'[0m
[0.553s] [34mcolcon.colcon_core.package_identification[0m [1;30mLevel 1[0m _identify(cube_petit_hardware_interface) by extensions ['ignore', 'ignore_ament_install']
[0.553s] [34mcolcon.colcon_core.package_identification[0m [1;30mLevel 1[0m _identify(cube_petit_hardware_interface) by extension 'ignore'
[0.553s] [34mcolcon.colcon_core.package_identification[0m [1;30mLevel 1[0m _identify(cube_petit_hardware_interface) by extension 'ignore_ament_install'
[0.553s] [34mcolcon.colcon_core.package_identification[0m [1;30mLevel 1[0m _identify(cube_petit_hardware_interface) by extensions ['colcon_pkg']
[0.553s] [34mcolcon.colcon_core.package_identification[0m [1;30mLevel 1[0m _identify(cube_petit_hardware_interface) by extension 'colcon_pkg'
[0.553s] [34mcolcon.colcon_core.package_identification[0m [1;30mLevel 1[0m _identify(cube_petit_hardware_interface) by extensions ['colcon_meta']
[0.553s] [34mcolcon.colcon_core.package_identification[0m [1;30mLevel 1[0m _identify(cube_petit_hardware_interface) by extension 'colcon_meta'
[0.553s] [34mcolcon.colcon_core.package_identification[0m [1;30mLevel 1[0m _identify(cube_petit_hardware_interface) by extensions ['ros']
[0.553s] [34mcolcon.colcon_core.package_identification[0m [1;30mLevel 1[0m _identify(cube_petit_hardware_interface) by extension 'ros'
[0.554s] [34mcolcon.colcon_core.package_identification[0m [1;30mDEBUG[0m [32mPackage 'cube_petit_hardware_interface' with type 'ros.ament_cmake' and name 'cube_petit_hardware_interface'[0m
[0.554s] [34mcolcon.colcon_core.package_identification[0m [1;30mLevel 1[0m _identify(cube_petit_ros) by extensions ['ignore', 'ignore_ament_install']
[0.554s] [34mcolcon.colcon_core.package_identification[0m [1;30mLevel 1[0m _identify(cube_petit_ros) by extension 'ignore'
[0.554s] [34mcolcon.colcon_core.package_identification[0m [1;30mLevel 1[0m _identify(cube_petit_ros) by extension 'ignore_ament_install'
[0.554s] [34mcolcon.colcon_core.package_identification[0m [1;30mLevel 1[0m _identify(cube_petit_ros) by extensions ['colcon_pkg']
[0.554s] [34mcolcon.colcon_core.package_identification[0m [1;30mLevel 1[0m _identify(cube_petit_ros) by extension 'colcon_pkg'
[0.554s] [34mcolcon.colcon_core.package_identification[0m [1;30mLevel 1[0m _identify(cube_petit_ros) by extensions ['colcon_meta']
[0.554s] [34mcolcon.colcon_core.package_identification[0m [1;30mLevel 1[0m _identify(cube_petit_ros) by extension 'colcon_meta'
[0.554s] [34mcolcon.colcon_core.package_identification[0m [1;30mLevel 1[0m _identify(cube_petit_ros) by extensions ['ros']
[0.554s] [34mcolcon.colcon_core.package_identification[0m [1;30mLevel 1[0m _identify(cube_petit_ros) by extension 'ros'
[0.555s] [34mcolcon.colcon_core.package_identification[0m [1;30mDEBUG[0m [32mPackage 'cube_petit_ros' with type 'ros.ament_cmake' and name 'cube_petit_ros'[0m
[0.555s] [34mcolcon.colcon_core.package_identification[0m [1;30mLevel 1[0m _identify(cube_petit_speech_to_text) by extensions ['ignore', 'ignore_ament_install']
[0.555s] [34mcolcon.colcon_core.package_identification[0m [1;30mLevel 1[0m _identify(cube_petit_speech_to_text) by extension 'ignore'
[0.555s] [34mcolcon.colcon_core.package_identification[0m [1;30mLevel 1[0m _identify(cube_petit_speech_to_text) by extension 'ignore_ament_install'
[0.555s] [34mcolcon.colcon_core.package_identification[0m [1;30mLevel 1[0m _identify(cube_petit_speech_to_text) by extensions ['colcon_pkg']
[0.555s] [34mcolcon.colcon_core.package_identification[0m [1;30mLevel 1[0m _identify(cube_petit_speech_to_text) by extension 'colcon_pkg'
[0.555s] [34mcolcon.colcon_core.package_identification[0m [1;30mLevel 1[0m _identify(cube_petit_speech_to_text) by extensions ['colcon_meta']
[0.555s] [34mcolcon.colcon_core.package_identification[0m [1;30mLevel 1[0m _identify(cube_petit_speech_to_text) by extension 'colcon_meta'
[0.555s] [34mcolcon.colcon_core.package_identification[0m [1;30mLevel 1[0m _identify(cube_petit_speech_to_text) by extensions ['ros']
[0.555s] [34mcolcon.colcon_core.package_identification[0m [1;30mLevel 1[0m _identify(cube_petit_speech_to_text) by extension 'ros'
[0.556s] [34mcolcon.colcon_core.package_identification[0m [1;30mDEBUG[0m [32mPackage 'cube_petit_speech_to_text' with type 'ros.ament_cmake' and name 'cube_petit_speech_to_text'[0m
[0.556s] [34mcolcon.colcon_core.package_identification[0m [1;30mLevel 1[0m _identify(cube_petit_text_to_speech) by extensions ['ignore', 'ignore_ament_install']
[0.557s] [34mcolcon.colcon_core.package_identification[0m [1;30mLevel 1[0m _identify(cube_petit_text_to_speech) by extension 'ignore'
[0.557s] [34mcolcon.colcon_core.package_identification[0m [1;30mLevel 1[0m _identify(cube_petit_text_to_speech) by extension 'ignore_ament_install'
[0.557s] [34mcolcon.colcon_core.package_identification[0m [1;30mLevel 1[0m _identify(cube_petit_text_to_speech) by extensions ['colcon_pkg']
[0.557s] [34mcolcon.colcon_core.package_identification[0m [1;30mLevel 1[0m _identify(cube_petit_text_to_speech) by extension 'colcon_pkg'
[0.557s] [34mcolcon.colcon_core.package_identification[0m [1;30mLevel 1[0m _identify(cube_petit_text_to_speech) by extensions ['colcon_meta']
[0.557s] [34mcolcon.colcon_core.package_identification[0m [1;30mLevel 1[0m _identify(cube_petit_text_to_speech) by extension 'colcon_meta'
[0.557s] [34mcolcon.colcon_core.package_identification[0m [1;30mLevel 1[0m _identify(cube_petit_text_to_speech) by extensions ['ros']
[0.557s] [34mcolcon.colcon_core.package_identification[0m [1;30mLevel 1[0m _identify(cube_petit_text_to_speech) by extension 'ros'
[0.558s] [34mcolcon.colcon_core.package_identification[0m [1;30mDEBUG[0m [32mPackage 'cube_petit_text_to_speech' with type 'ros.ament_cmake' and name 'cube_petit_text_to_speech'[0m
[0.558s] [34mcolcon.colcon_core.package_identification[0m [1;30mLevel 1[0m _identify(install) by extensions ['ignore', 'ignore_ament_install']
[0.558s] [34mcolcon.colcon_core.package_identification[0m [1;30mLevel 1[0m _identify(install) by extension 'ignore'
[0.558s] [34mcolcon.colcon_core.package_identification[0m [1;30mLevel 1[0m _identify(install) ignored
[0.558s] [34mcolcon.colcon_core.package_identification[0m [1;30mLevel 1[0m _identify(log) by extensions ['ignore', 'ignore_ament_install']
[0.558s] [34mcolcon.colcon_core.package_identification[0m [1;30mLevel 1[0m _identify(log) by extension 'ignore'
[0.558s] [34mcolcon.colcon_core.package_identification[0m [1;30mLevel 1[0m _identify(log) ignored
[0.558s] [34mcolcon.colcon_core.package_discovery[0m [1;30mLevel 1[0m discover_packages(recursive) using defaults
[0.558s] [34mcolcon.colcon_core.package_discovery[0m [1;30mLevel 1[0m discover_packages(ignore) discover
[0.558s] [34mcolcon.colcon_core.package_discovery[0m [1;30mLevel 1[0m discover_packages(ignore) using defaults
[0.558s] [34mcolcon.colcon_core.package_discovery[0m [1;30mLevel 1[0m discover_packages(path) discover
[0.558s] [34mcolcon.colcon_core.package_discovery[0m [1;30mLevel 1[0m discover_packages(path) using defaults
[0.582s] [34mcolcon.colcon_core.verb[0m [1;30mLevel 5[0m set package 'cube_petit_bringup' build argument 'cmake_args' from command line to 'None'
[0.582s] [34mcolcon.colcon_core.verb[0m [1;30mLevel 5[0m set package 'cube_petit_bringup' build argument 'cmake_target' from command line to 'None'
[0.582s] [34mcolcon.colcon_core.verb[0m [1;30mLevel 5[0m set package 'cube_petit_bringup' build argument 'cmake_target_skip_unavailable' from command line to 'False'
[0.582s] [34mcolcon.colcon_core.verb[0m [1;30mLevel 5[0m set package 'cube_petit_bringup' build argument 'cmake_clean_cache' from command line to 'False'
[0.582s] [34mcolcon.colcon_core.verb[0m [1;30mLevel 5[0m set package 'cube_petit_bringup' build argument 'cmake_clean_first' from command line to 'False'
[0.582s] [34mcolcon.colcon_core.verb[0m [1;30mLevel 5[0m set package 'cube_petit_bringup' build argument 'cmake_force_configure' from command line to 'False'
[0.582s] [34mcolcon.colcon_core.verb[0m [1;30mLevel 5[0m set package 'cube_petit_bringup' build argument 'ament_cmake_args' from command line to 'None'
[0.582s] [34mcolcon.colcon_core.verb[0m [1;30mLevel 5[0m set package 'cube_petit_bringup' build argument 'catkin_cmake_args' from command line to 'None'
[0.582s] [34mcolcon.colcon_core.verb[0m [1;30mLevel 5[0m set package 'cube_petit_bringup' build argument 'catkin_skip_building_tests' from command line to 'False'
[0.582s] [34mcolcon.colcon_core.verb[0m [1;30mDEBUG[0m [32mBuilding package 'cube_petit_bringup' with the following arguments: {'ament_cmake_args': None, 'build_base': '/home/cube-petit/ros/src/cube_petit_ros/build/cube_petit_bringup', 'catkin_cmake_args': None, 'catkin_skip_building_tests': False, 'cmake_args': None, 'cmake_clean_cache': False, 'cmake_clean_first': False, 'cmake_force_configure': False, 'cmake_target': None, 'cmake_target_skip_unavailable': False, 'install_base': '/home/cube-petit/ros/src/cube_petit_ros/install/cube_petit_bringup', 'merge_install': False, 'path': '/home/cube-petit/ros/src/cube_petit_ros/cube_petit_bringup', 'symlink_install': False, 'test_result_base': None}[0m
[0.583s] [34mcolcon.colcon_core.verb[0m [1;30mLevel 5[0m set package 'cube_petit_description' build argument 'cmake_args' from command line to 'None'
[0.583s] [34mcolcon.colcon_core.verb[0m [1;30mLevel 5[0m set package 'cube_petit_description' build argument 'cmake_target' from command line to 'None'
[0.583s] [34mcolcon.colcon_core.verb[0m [1;30mLevel 5[0m set package 'cube_petit_description' build argument 'cmake_target_skip_unavailable' from command line to 'False'
[0.583s] [34mcolcon.colcon_core.verb[0m [1;30mLevel 5[0m set package 'cube_petit_description' build argument 'cmake_clean_cache' from command line to 'False'
[0.583s] [34mcolcon.colcon_core.verb[0m [1;30mLevel 5[0m set package 'cube_petit_description' build argument 'cmake_clean_first' from command line to 'False'
[0.583s] [34mcolcon.colcon_core.verb[0m [1;30mLevel 5[0m set package 'cube_petit_description' build argument 'cmake_force_configure' from command line to 'False'
[0.583s] [34mcolcon.colcon_core.verb[0m [1;30mLevel 5[0m set package 'cube_petit_description' build argument 'ament_cmake_args' from command line to 'None'
[0.583s] [34mcolcon.colcon_core.verb[0m [1;30mLevel 5[0m set package 'cube_petit_description' build argument 'catkin_cmake_args' from command line to 'None'
[0.583s] [34mcolcon.colcon_core.verb[0m [1;30mLevel 5[0m set package 'cube_petit_description' build argument 'catkin_skip_building_tests' from command line to 'False'
[0.583s] [34mcolcon.colcon_core.verb[0m [1;30mDEBUG[0m [32mBuilding package 'cube_petit_description' with the following arguments: {'ament_cmake_args': None, 'build_base': '/home/cube-petit/ros/src/cube_petit_ros/build/cube_petit_description', 'catkin_cmake_args': None, 'catkin_skip_building_tests': False, 'cmake_args': None, 'cmake_clean_cache': False, 'cmake_clean_first': False, 'cmake_force_configure': False, 'cmake_target': None, 'cmake_target_skip_unavailable': False, 'install_base': '/home/cube-petit/ros/src/cube_petit_ros/install/cube_petit_description', 'merge_install': False, 'path': '/home/cube-petit/ros/src/cube_petit_ros/cube_petit_description', 'symlink_install': False, 'test_result_base': None}[0m
[0.584s] [34mcolcon.colcon_core.verb[0m [1;30mLevel 5[0m set package 'cube_petit_facial_animation' build argument 'cmake_args' from command line to 'None'
[0.584s] [34mcolcon.colcon_core.verb[0m [1;30mLevel 5[0m set package 'cube_petit_facial_animation' build argument 'cmake_target' from command line to 'None'
[0.584s] [34mcolcon.colcon_core.verb[0m [1;30mLevel 5[0m set package 'cube_petit_facial_animation' build argument 'cmake_target_skip_unavailable' from command line to 'False'
[0.584s] [34mcolcon.colcon_core.verb[0m [1;30mLevel 5[0m set package 'cube_petit_facial_animation' build argument 'cmake_clean_cache' from command line to 'False'
[0.584s] [34mcolcon.colcon_core.verb[0m [1;30mLevel 5[0m set package 'cube_petit_facial_animation' build argument 'cmake_clean_first' from command line to 'False'
[0.584s] [34mcolcon.colcon_core.verb[0m [1;30mLevel 5[0m set package 'cube_petit_facial_animation' build argument 'cmake_force_configure' from command line to 'False'
[0.584s] [34mcolcon.colcon_core.verb[0m [1;30mLevel 5[0m set package 'cube_petit_facial_animation' build argument 'ament_cmake_args' from command line to 'None'
[0.584s] [34mcolcon.colcon_core.verb[0m [1;30mLevel 5[0m set package 'cube_petit_facial_animation' build argument 'catkin_cmake_args' from command line to 'None'
[0.584s] [34mcolcon.colcon_core.verb[0m [1;30mLevel 5[0m set package 'cube_petit_facial_animation' build argument 'catkin_skip_building_tests' from command line to 'False'
[0.584s] [34mcolcon.colcon_core.verb[0m [1;30mDEBUG[0m [32mBuilding package 'cube_petit_facial_animation' with the following arguments: {'ament_cmake_args': None, 'build_base': '/home/cube-petit/ros/src/cube_petit_ros/build/cube_petit_facial_animation', 'catkin_cmake_args': None, 'catkin_skip_building_tests': False, 'cmake_args': None, 'cmake_clean_cache': False, 'cmake_clean_first': False, 'cmake_force_configure': False, 'cmake_target': None, 'cmake_target_skip_unavailable': False, 'install_base': '/home/cube-petit/ros/src/cube_petit_ros/install/cube_petit_facial_animation', 'merge_install': False, 'path': '/home/cube-petit/ros/src/cube_petit_ros/cube_petit_facial_animation', 'symlink_install': False, 'test_result_base': None}[0m
[0.584s] [34mcolcon.colcon_core.verb[0m [1;30mLevel 5[0m set package 'cube_petit_hardware_interface' build argument 'cmake_args' from command line to 'None'
[0.584s] [34mcolcon.colcon_core.verb[0m [1;30mLevel 5[0m set package 'cube_petit_hardware_interface' build argument 'cmake_target' from command line to 'None'
[0.584s] [34mcolcon.colcon_core.verb[0m [1;30mLevel 5[0m set package 'cube_petit_hardware_interface' build argument 'cmake_target_skip_unavailable' from command line to 'False'
[0.584s] [34mcolcon.colcon_core.verb[0m [1;30mLevel 5[0m set package 'cube_petit_hardware_interface' build argument 'cmake_clean_cache' from command line to 'False'
[0.584s] [34mcolcon.colcon_core.verb[0m [1;30mLevel 5[0m set package 'cube_petit_hardware_interface' build argument 'cmake_clean_first' from command line to 'False'
[0.585s] [34mcolcon.colcon_core.verb[0m [1;30mLevel 5[0m set package 'cube_petit_hardware_interface' build argument 'cmake_force_configure' from command line to 'False'
[0.585s] [34mcolcon.colcon_core.verb[0m [1;30mLevel 5[0m set package 'cube_petit_hardware_interface' build argument 'ament_cmake_args' from command line to 'None'
[0.585s] [34mcolcon.colcon_core.verb[0m [1;30mLevel 5[0m set package 'cube_petit_hardware_interface' build argument 'catkin_cmake_args' from command line to 'None'
[0.585s] [34mcolcon.colcon_core.verb[0m [1;30mLevel 5[0m set package 'cube_petit_hardware_interface' build argument 'catkin_skip_building_tests' from command line to 'False'
[0.585s] [34mcolcon.colcon_core.verb[0m [1;30mDEBUG[0m [32mBuilding package 'cube_petit_hardware_interface' with the following arguments: {'ament_cmake_args': None, 'build_base': '/home/cube-petit/ros/src/cube_petit_ros/build/cube_petit_hardware_interface', 'catkin_cmake_args': None, 'catkin_skip_building_tests': False, 'cmake_args': None, 'cmake_clean_cache': False, 'cmake_clean_first': False, 'cmake_force_configure': False, 'cmake_target': None, 'cmake_target_skip_unavailable': False, 'install_base': '/home/cube-petit/ros/src/cube_petit_ros/install/cube_petit_hardware_interface', 'merge_install': False, 'path': '/home/cube-petit/ros/src/cube_petit_ros/cube_petit_hardware_interface', 'symlink_install': False, 'test_result_base': None}[0m
[0.585s] [34mcolcon.colcon_core.verb[0m [1;30mLevel 5[0m set package 'cube_petit_speech_to_text' build argument 'cmake_args' from command line to 'None'
[0.585s] [34mcolcon.colcon_core.verb[0m [1;30mLevel 5[0m set package 'cube_petit_speech_to_text' build argument 'cmake_target' from command line to 'None'
[0.585s] [34mcolcon.colcon_core.verb[0m [1;30mLevel 5[0m set package 'cube_petit_speech_to_text' build argument 'cmake_target_skip_unavailable' from command line to 'False'
[0.585s] [34mcolcon.colcon_core.verb[0m [1;30mLevel 5[0m set package 'cube_petit_speech_to_text' build argument 'cmake_clean_cache' from command line to 'False'
[0.585s] [34mcolcon.colcon_core.verb[0m [1;30mLevel 5[0m set package 'cube_petit_speech_to_text' build argument 'cmake_clean_first' from command line to 'False'
[0.585s] [34mcolcon.colcon_core.verb[0m [1;30mLevel 5[0m set package 'cube_petit_speech_to_text' build argument 'cmake_force_configure' from command line to 'False'
[0.585s] [34mcolcon.colcon_core.verb[0m [1;30mLevel 5[0m set package 'cube_petit_speech_to_text' build argument 'ament_cmake_args' from command line to 'None'
[0.585s] [34mcolcon.colcon_core.verb[0m [1;30mLevel 5[0m set package 'cube_petit_speech_to_text' build argument 'catkin_cmake_args' from command line to 'None'
[0.585s] [34mcolcon.colcon_core.verb[0m [1;30mLevel 5[0m set package 'cube_petit_speech_to_text' build argument 'catkin_skip_building_tests' from command line to 'False'
[0.585s] [34mcolcon.colcon_core.verb[0m [1;30mDEBUG[0m [32mBuilding package 'cube_petit_speech_to_text' with the following arguments: {'ament_cmake_args': None, 'build_base': '/home/cube-petit/ros/src/cube_petit_ros/build/cube_petit_speech_to_text', 'catkin_cmake_args': None, 'catkin_skip_building_tests': False, 'cmake_args': None, 'cmake_clean_cache': False, 'cmake_clean_first': False, 'cmake_force_configure': False, 'cmake_target': None, 'cmake_target_skip_unavailable': False, 'install_base': '/home/cube-petit/ros/src/cube_petit_ros/install/cube_petit_speech_to_text', 'merge_install': False, 'path': '/home/cube-petit/ros/src/cube_petit_ros/cube_petit_speech_to_text', 'symlink_install': False, 'test_result_base': None}[0m
[0.585s] [34mcolcon.colcon_core.verb[0m [1;30mLevel 5[0m set package 'cube_petit_text_to_speech' build argument 'cmake_args' from command line to 'None'
[0.586s] [34mcolcon.colcon_core.verb[0m [1;30mLevel 5[0m set package 'cube_petit_text_to_speech' build argument 'cmake_target' from command line to 'None'
[0.586s] [34mcolcon.colcon_core.verb[0m [1;30mLevel 5[0m set package 'cube_petit_text_to_speech' build argument 'cmake_target_skip_unavailable' from command line to 'False'
[0.586s] [34mcolcon.colcon_core.verb[0m [1;30mLevel 5[0m set package 'cube_petit_text_to_speech' build argument 'cmake_clean_cache' from command line to 'False'
[0.586s] [34mcolcon.colcon_core.verb[0m [1;30mLevel 5[0m set package 'cube_petit_text_to_speech' build argument 'cmake_clean_first' from command line to 'False'
[0.586s] [34mcolcon.colcon_core.verb[0m [1;30mLevel 5[0m set package 'cube_petit_text_to_speech' build argument 'cmake_force_configure' from command line to 'False'
[0.586s] [34mcolcon.colcon_core.verb[0m [1;30mLevel 5[0m set package 'cube_petit_text_to_speech' build argument 'ament_cmake_args' from command line to 'None'
[0.586s] [34mcolcon.colcon_core.verb[0m [1;30mLevel 5[0m set package 'cube_petit_text_to_speech' build argument 'catkin_cmake_args' from command line to 'None'
[0.586s] [34mcolcon.colcon_core.verb[0m [1;30mLevel 5[0m set package 'cube_petit_text_to_speech' build argument 'catkin_skip_building_tests' from command line to 'False'
[0.586s] [34mcolcon.colcon_core.verb[0m [1;30mDEBUG[0m [32mBuilding package 'cube_petit_text_to_speech' with the following arguments: {'ament_cmake_args': None, 'build_base': '/home/cube-petit/ros/src/cube_petit_ros/build/cube_petit_text_to_speech', 'catkin_cmake_args': None, 'catkin_skip_building_tests': False, 'cmake_args': None, 'cmake_clean_cache': False, 'cmake_clean_first': False, 'cmake_force_configure': False, 'cmake_target': None, 'cmake_target_skip_unavailable': False, 'install_base': '/home/cube-petit/ros/src/cube_petit_ros/install/cube_petit_text_to_speech', 'merge_install': False, 'path': '/home/cube-petit/ros/src/cube_petit_ros/cube_petit_text_to_speech', 'symlink_install': False, 'test_result_base': None}[0m
[0.586s] [34mcolcon.colcon_core.verb[0m [1;30mLevel 5[0m set package 'cube_petit_gazebo' build argument 'cmake_args' from command line to 'None'
[0.586s] [34mcolcon.colcon_core.verb[0m [1;30mLevel 5[0m set package 'cube_petit_gazebo' build argument 'cmake_target' from command line to 'None'
[0.586s] [34mcolcon.colcon_core.verb[0m [1;30mLevel 5[0m set package 'cube_petit_gazebo' build argument 'cmake_target_skip_unavailable' from command line to 'False'
[0.586s] [34mcolcon.colcon_core.verb[0m [1;30mLevel 5[0m set package 'cube_petit_gazebo' build argument 'cmake_clean_cache' from command line to 'False'
[0.586s] [34mcolcon.colcon_core.verb[0m [1;30mLevel 5[0m set package 'cube_petit_gazebo' build argument 'cmake_clean_first' from command line to 'False'
[0.586s] [34mcolcon.colcon_core.verb[0m [1;30mLevel 5[0m set package 'cube_petit_gazebo' build argument 'cmake_force_configure' from command line to 'False'
[0.586s] [34mcolcon.colcon_core.verb[0m [1;30mLevel 5[0m set package 'cube_petit_gazebo' build argument 'ament_cmake_args' from command line to 'None'
[0.586s] [34mcolcon.colcon_core.verb[0m [1;30mLevel 5[0m set package 'cube_petit_gazebo' build argument 'catkin_cmake_args' from command line to 'None'
[0.586s] [34mcolcon.colcon_core.verb[0m [1;30mLevel 5[0m set package 'cube_petit_gazebo' build argument 'catkin_skip_building_tests' from command line to 'False'
[0.586s] [34mcolcon.colcon_core.verb[0m [1;30mDEBUG[0m [32mBuilding package 'cube_petit_gazebo' with the following arguments: {'ament_cmake_args': None, 'build_base': '/home/cube-petit/ros/src/cube_petit_ros/build/cube_petit_gazebo', 'catkin_cmake_args': None, 'catkin_skip_building_tests': False, 'cmake_args': None, 'cmake_clean_cache': False, 'cmake_clean_first': False, 'cmake_force_configure': False, 'cmake_target': None, 'cmake_target_skip_unavailable': False, 'install_base': '/home/cube-petit/ros/src/cube_petit_ros/install/cube_petit_gazebo', 'merge_install': False, 'path': '/home/cube-petit/ros/src/cube_petit_ros/cube_petit_gazebo', 'symlink_install': False, 'test_result_base': None}[0m
[0.587s] [34mcolcon.colcon_core.verb[0m [1;30mLevel 5[0m set package 'cube_petit_ros' build argument 'cmake_args' from command line to 'None'
[0.587s] [34mcolcon.colcon_core.verb[0m [1;30mLevel 5[0m set package 'cube_petit_ros' build argument 'cmake_target' from command line to 'None'
[0.587s] [34mcolcon.colcon_core.verb[0m [1;30mLevel 5[0m set package 'cube_petit_ros' build argument 'cmake_target_skip_unavailable' from command line to 'False'
[0.587s] [34mcolcon.colcon_core.verb[0m [1;30mLevel 5[0m set package 'cube_petit_ros' build argument 'cmake_clean_cache' from command line to 'False'
[0.587s] [34mcolcon.colcon_core.verb[0m [1;30mLevel 5[0m set package 'cube_petit_ros' build argument 'cmake_clean_first' from command line to 'False'
[0.587s] [34mcolcon.colcon_core.verb[0m [1;30mLevel 5[0m set package 'cube_petit_ros' build argument 'cmake_force_configure' from command line to 'False'
[0.587s] [34mcolcon.colcon_core.verb[0m [1;30mLevel 5[0m set package 'cube_petit_ros' build argument 'ament_cmake_args' from command line to 'None'
[0.587s] [34mcolcon.colcon_core.verb[0m [1;30mLevel 5[0m set package 'cube_petit_ros' build argument 'catkin_cmake_args' from command line to 'None'
[0.587s] [34mcolcon.colcon_core.verb[0m [1;30mLevel 5[0m set package 'cube_petit_ros' build argument 'catkin_skip_building_tests' from command line to 'False'
[0.587s] [34mcolcon.colcon_core.verb[0m [1;30mDEBUG[0m [32mBuilding package 'cube_petit_ros' with the following arguments: {'ament_cmake_args': None, 'build_base': '/home/cube-petit/ros/src/cube_petit_ros/build/cube_petit_ros', 'catkin_cmake_args': None, 'catkin_skip_building_tests': False, 'cmake_args': None, 'cmake_clean_cache': False, 'cmake_clean_first': False, 'cmake_force_configure': False, 'cmake_target': None, 'cmake_target_skip_unavailable': False, 'install_base': '/home/cube-petit/ros/src/cube_petit_ros/install/cube_petit_ros', 'merge_install': False, 'path': '/home/cube-petit/ros/src/cube_petit_ros/cube_petit_ros', 'symlink_install': False, 'test_result_base': None}[0m
[0.587s] [34mcolcon.colcon_core.executor[0m [1;30mINFO[0m Executing jobs using 'parallel' executor
[0.588s] [34mcolcon.colcon_parallel_executor.executor.parallel[0m [1;30mDEBUG[0m [32mrun_until_complete[0m
[0.588s] [34mcolcon.colcon_ros.task.ament_cmake.build[0m [1;30mINFO[0m Building ROS package in '/home/cube-petit/ros/src/cube_petit_ros/cube_petit_description' with build type 'ament_cmake'
[0.588s] [34mcolcon.colcon_cmake.task.cmake.build[0m [1;30mINFO[0m Building CMake package in '/home/cube-petit/ros/src/cube_petit_ros/cube_petit_description'
[0.593s] [34mcolcon.colcon_core.plugin_system[0m [1;30mINFO[0m Skipping extension 'colcon_core.shell.bat': Not used on non-Windows systems
[0.593s] [34mcolcon.colcon_core.shell[0m [1;30mINFO[0m Skip shell extension 'powershell' for command environment: Not usable outside of PowerShell
[0.593s] [34mcolcon.colcon_core.shell[0m [1;30mDEBUG[0m [32mSkip shell extension 'dsv' for command environment[0m
[0.604s] [34mcolcon.colcon_ros.task.ament_cmake.build[0m [1;30mINFO[0m Building ROS package in '/home/cube-petit/ros/src/cube_petit_ros/cube_petit_bringup' with build type 'ament_cmake'
[0.604s] [34mcolcon.colcon_cmake.task.cmake.build[0m [1;30mINFO[0m Building CMake package in '/home/cube-petit/ros/src/cube_petit_ros/cube_petit_bringup'
[0.605s] [34mcolcon.colcon_core.shell[0m [1;30mINFO[0m Skip shell extension 'powershell' for command environment: Not usable outside of PowerShell
[0.605s] [34mcolcon.colcon_core.shell[0m [1;30mDEBUG[0m [32mSkip shell extension 'dsv' for command environment[0m
[0.613s] [34mcolcon.colcon_ros.task.ament_cmake.build[0m [1;30mINFO[0m Building ROS package in '/home/cube-petit/ros/src/cube_petit_ros/cube_petit_facial_animation' with build type 'ament_cmake'
[0.613s] [34mcolcon.colcon_cmake.task.cmake.build[0m [1;30mINFO[0m Building CMake package in '/home/cube-petit/ros/src/cube_petit_ros/cube_petit_facial_animation'
[0.613s] [34mcolcon.colcon_core.shell[0m [1;30mINFO[0m Skip shell extension 'powershell' for command environment: Not usable outside of PowerShell
[0.613s] [34mcolcon.colcon_core.shell[0m [1;30mDEBUG[0m [32mSkip shell extension 'dsv' for command environment[0m
[0.622s] [34mcolcon.colcon_ros.task.ament_cmake.build[0m [1;30mINFO[0m Building ROS package in '/home/cube-petit/ros/src/cube_petit_ros/cube_petit_hardware_interface' with build type 'ament_cmake'
[0.622s] [34mcolcon.colcon_cmake.task.cmake.build[0m [1;30mINFO[0m Building CMake package in '/home/cube-petit/ros/src/cube_petit_ros/cube_petit_hardware_interface'
[0.623s] [34mcolcon.colcon_core.shell[0m [1;30mINFO[0m Skip shell extension 'powershell' for command environment: Not usable outside of PowerShell
[0.623s] [34mcolcon.colcon_core.shell[0m [1;30mDEBUG[0m [32mSkip shell extension 'dsv' for command environment[0m
[0.631s] [34mcolcon.colcon_ros.task.ament_cmake.build[0m [1;30mINFO[0m Building ROS package in '/home/cube-petit/ros/src/cube_petit_ros/cube_petit_speech_to_text' with build type 'ament_cmake'
[0.631s] [34mcolcon.colcon_cmake.task.cmake.build[0m [1;30mINFO[0m Building CMake package in '/home/cube-petit/ros/src/cube_petit_ros/cube_petit_speech_to_text'
[0.631s] [34mcolcon.colcon_core.shell[0m [1;30mINFO[0m Skip shell extension 'powershell' for command environment: Not usable outside of PowerShell
[0.631s] [34mcolcon.colcon_core.shell[0m [1;30mDEBUG[0m [32mSkip shell extension 'dsv' for command environment[0m
[0.640s] [34mcolcon.colcon_ros.task.ament_cmake.build[0m [1;30mINFO[0m Building ROS package in '/home/cube-petit/ros/src/cube_petit_ros/cube_petit_text_to_speech' with build type 'ament_cmake'
[0.640s] [34mcolcon.colcon_cmake.task.cmake.build[0m [1;30mINFO[0m Building CMake package in '/home/cube-petit/ros/src/cube_petit_ros/cube_petit_text_to_speech'
[0.640s] [34mcolcon.colcon_core.shell[0m [1;30mINFO[0m Skip shell extension 'powershell' for command environment: Not usable outside of PowerShell
[0.640s] [34mcolcon.colcon_core.shell[0m [1;30mDEBUG[0m [32mSkip shell extension 'dsv' for command environment[0m
[0.655s] [34mcolcon.colcon_core.event_handler.log_command[0m [1;30mDEBUG[0m [32mInvoking command in '/home/cube-petit/ros/src/cube_petit_ros/build/cube_petit_description': CMAKE_PREFIX_PATH=/home/cube-petit/ros/install/vesc:/home/cube-petit/ros/install/cube:/home/cube-petit/ros/install/cube_gazebo:/home/cube-petit/ros/install/cube_bringup:/home/cube-petit/ros/install/cube_hw_interface:/home/cube-petit/ros/install/vesc_hw_interface:/home/cube-petit/ros/install/vesc_driver:/home/cube-petit/ros/install/vesc_msgs:/home/cube-petit/ros/install/cube_navigation:/home/cube-petit/ros/install/spatio_temporal_voxel_layer:/home/cube-petit/ros/install/cube_petit_text_to_speech:/home/cube-petit/ros/install/cube_petit_speech_to_text:/home/cube-petit/ros/install/sbgisen_msgs:/home/cube-petit/ros/install/sbgisen_gazebo_plugins:/home/cube-petit/ros/install/sbgisen_docking_plugin:/home/cube-petit/ros/install/ros2_socketcan_msgs:/home/cube-petit/ros/install/cube_server:/home/cube-petit/ros/install/robot_pose_publisher_ros2:/home/cube-petit/ros/install/perception_pcl:/home/cube-petit/ros/install/ira_laser_tools:/home/cube-petit/ros/install/cube_petit_gazebo:/home/cube-petit/ros/install/pcl_ros:/home/cube-petit/ros/install/pcl_conversions:/home/cube-petit/ros/install/openvdb_vendor:/home/cube-petit/ros/install/multi_hc_sr04:/home/cube-petit/ros/install/mpu6050_serial_to_imu:/home/cube-petit/ros/install/lh_laser_driver:/home/cube-petit/ros/install/ldlidar_stl_ros2:/home/cube-petit/ros/install/kinect2_bridge:/home/cube-petit/ros/install/kinect2_registration:/home/cube-petit/ros/install/imu_filter_tools:/home/cube-petit/ros/install/imu_drift_correction:/home/cube-petit/ros/install/hins_driver_laser:/home/cube-petit/ros/install/dji_ros_controller:/home/cube-petit/ros/install/depthai-ros:/home/cube-petit/ros/install/depthai_ros_driver:/home/cube-petit/ros/install/depthai_filters:/home/cube-petit/ros/install/depthai_examples:/home/cube-petit/ros/install/depthai_bridge:/home/cube-petit/ros/install/depthai_ros_msgs:/home/cube-petit/ros/install/depthai_hand_tracker:/home/cube-petit/ros/install/depthai_descriptions:/home/cube-petit/ros/install/cube_teleop:/home/cube-petit/ros/install/cube_petit_ros:/home/cube-petit/ros/install/cube_petit_hardware_interface:/home/cube-petit/ros/install/cube_petit_facial_animation:/home/cube-petit/ros/install/cube_petit_description:/home/cube-petit/ros/install/cube_speech:/home/cube-petit/ros/install/cube_diagnostic:/opt/ros/humble:/home/cube-petit/ros/install/cube_petit_bringup:/home/cube-petit/ros/install/cube_expression:/home/cube-petit/ros/install/cube_description:/home/cube-petit/ros/install/brass_gazebo_battery:/home/cube-petit/ros/install/akulidar_ros /usr/bin/cmake /home/cube-petit/ros/src/cube_petit_ros/cube_petit_description -DCMAKE_INSTALL_PREFIX=/home/cube-petit/ros/src/cube_petit_ros/install/cube_petit_description[0m
[0.659s] [34mcolcon.colcon_core.event_handler.log_command[0m [1;30mDEBUG[0m [32mInvoking command in '/home/cube-petit/ros/src/cube_petit_ros/build/cube_petit_bringup': CMAKE_PREFIX_PATH=/home/cube-petit/ros/install/vesc:/home/cube-petit/ros/install/cube:/home/cube-petit/ros/install/cube_gazebo:/home/cube-petit/ros/install/cube_bringup:/home/cube-petit/ros/install/cube_hw_interface:/home/cube-petit/ros/install/vesc_hw_interface:/home/cube-petit/ros/install/vesc_driver:/home/cube-petit/ros/install/vesc_msgs:/home/cube-petit/ros/install/cube_navigation:/home/cube-petit/ros/install/spatio_temporal_voxel_layer:/home/cube-petit/ros/install/cube_petit_text_to_speech:/home/cube-petit/ros/install/cube_petit_speech_to_text:/home/cube-petit/ros/install/sbgisen_msgs:/home/cube-petit/ros/install/sbgisen_gazebo_plugins:/home/cube-petit/ros/install/sbgisen_docking_plugin:/home/cube-petit/ros/install/ros2_socketcan_msgs:/home/cube-petit/ros/install/cube_server:/home/cube-petit/ros/install/robot_pose_publisher_ros2:/home/cube-petit/ros/install/perception_pcl:/home/cube-petit/ros/install/ira_laser_tools:/home/cube-petit/ros/install/cube_petit_gazebo:/home/cube-petit/ros/install/pcl_ros:/home/cube-petit/ros/install/pcl_conversions:/home/cube-petit/ros/install/openvdb_vendor:/home/cube-petit/ros/install/multi_hc_sr04:/home/cube-petit/ros/install/mpu6050_serial_to_imu:/home/cube-petit/ros/install/lh_laser_driver:/home/cube-petit/ros/install/ldlidar_stl_ros2:/home/cube-petit/ros/install/kinect2_bridge:/home/cube-petit/ros/install/kinect2_registration:/home/cube-petit/ros/install/imu_filter_tools:/home/cube-petit/ros/install/imu_drift_correction:/home/cube-petit/ros/install/hins_driver_laser:/home/cube-petit/ros/install/dji_ros_controller:/home/cube-petit/ros/install/depthai-ros:/home/cube-petit/ros/install/depthai_ros_driver:/home/cube-petit/ros/install/depthai_filters:/home/cube-petit/ros/install/depthai_examples:/home/cube-petit/ros/install/depthai_bridge:/home/cube-petit/ros/install/depthai_ros_msgs:/home/cube-petit/ros/install/depthai_hand_tracker:/home/cube-petit/ros/install/depthai_descriptions:/home/cube-petit/ros/install/cube_teleop:/home/cube-petit/ros/install/cube_petit_ros:/home/cube-petit/ros/install/cube_petit_hardware_interface:/home/cube-petit/ros/install/cube_petit_facial_animation:/home/cube-petit/ros/install/cube_petit_description:/home/cube-petit/ros/install/cube_speech:/home/cube-petit/ros/install/cube_diagnostic:/opt/ros/humble:/home/cube-petit/ros/install/cube_petit_bringup:/home/cube-petit/ros/install/cube_expression:/home/cube-petit/ros/install/cube_description:/home/cube-petit/ros/install/brass_gazebo_battery:/home/cube-petit/ros/install/akulidar_ros /usr/bin/cmake /home/cube-petit/ros/src/cube_petit_ros/cube_petit_bringup -DCMAKE_INSTALL_PREFIX=/home/cube-petit/ros/src/cube_petit_ros/install/cube_petit_bringup[0m
[0.662s] [34mcolcon.colcon_core.event_handler.log_command[0m [1;30mDEBUG[0m [32mInvoking command in '/home/cube-petit/ros/src/cube_petit_ros/build/cube_petit_facial_animation': CMAKE_PREFIX_PATH=/home/cube-petit/ros/install/vesc:/home/cube-petit/ros/install/cube:/home/cube-petit/ros/install/cube_gazebo:/home/cube-petit/ros/install/cube_bringup:/home/cube-petit/ros/install/cube_hw_interface:/home/cube-petit/ros/install/vesc_hw_interface:/home/cube-petit/ros/install/vesc_driver:/home/cube-petit/ros/install/vesc_msgs:/home/cube-petit/ros/install/cube_navigation:/home/cube-petit/ros/install/spatio_temporal_voxel_layer:/home/cube-petit/ros/install/cube_petit_text_to_speech:/home/cube-petit/ros/install/cube_petit_speech_to_text:/home/cube-petit/ros/install/sbgisen_msgs:/home/cube-petit/ros/install/sbgisen_gazebo_plugins:/home/cube-petit/ros/install/sbgisen_docking_plugin:/home/cube-petit/ros/install/ros2_socketcan_msgs:/home/cube-petit/ros/install/cube_server:/home/cube-petit/ros/install/robot_pose_publisher_ros2:/home/cube-petit/ros/install/perception_pcl:/home/cube-petit/ros/install/ira_laser_tools:/home/cube-petit/ros/install/cube_petit_gazebo:/home/cube-petit/ros/install/pcl_ros:/home/cube-petit/ros/install/pcl_conversions:/home/cube-petit/ros/install/openvdb_vendor:/home/cube-petit/ros/install/multi_hc_sr04:/home/cube-petit/ros/install/mpu6050_serial_to_imu:/home/cube-petit/ros/install/lh_laser_driver:/home/cube-petit/ros/install/ldlidar_stl_ros2:/home/cube-petit/ros/install/kinect2_bridge:/home/cube-petit/ros/install/kinect2_registration:/home/cube-petit/ros/install/imu_filter_tools:/home/cube-petit/ros/install/imu_drift_correction:/home/cube-petit/ros/install/hins_driver_laser:/home/cube-petit/ros/install/dji_ros_controller:/home/cube-petit/ros/install/depthai-ros:/home/cube-petit/ros/install/depthai_ros_driver:/home/cube-petit/ros/install/depthai_filters:/home/cube-petit/ros/install/depthai_examples:/home/cube-petit/ros/install/depthai_bridge:/home/cube-petit/ros/install/depthai_ros_msgs:/home/cube-petit/ros/install/depthai_hand_tracker:/home/cube-petit/ros/install/depthai_descriptions:/home/cube-petit/ros/install/cube_teleop:/home/cube-petit/ros/install/cube_petit_ros:/home/cube-petit/ros/install/cube_petit_hardware_interface:/home/cube-petit/ros/install/cube_petit_facial_animation:/home/cube-petit/ros/install/cube_petit_description:/home/cube-petit/ros/install/cube_speech:/home/cube-petit/ros/install/cube_diagnostic:/opt/ros/humble:/home/cube-petit/ros/install/cube_petit_bringup:/home/cube-petit/ros/install/cube_expression:/home/cube-petit/ros/install/cube_description:/home/cube-petit/ros/install/brass_gazebo_battery:/home/cube-petit/ros/install/akulidar_ros /usr/bin/cmake /home/cube-petit/ros/src/cube_petit_ros/cube_petit_facial_animation -DCMAKE_INSTALL_PREFIX=/home/cube-petit/ros/src/cube_petit_ros/install/cube_petit_facial_animation[0m
[0.664s] [34mcolcon.colcon_core.event_handler.log_command[0m [1;30mDEBUG[0m [32mInvoking command in '/home/cube-petit/ros/src/cube_petit_ros/build/cube_petit_hardware_interface': CMAKE_PREFIX_PATH=/home/cube-petit/ros/install/vesc:/home/cube-petit/ros/install/cube:/home/cube-petit/ros/install/cube_gazebo:/home/cube-petit/ros/install/cube_bringup:/home/cube-petit/ros/install/cube_hw_interface:/home/cube-petit/ros/install/vesc_hw_interface:/home/cube-petit/ros/install/vesc_driver:/home/cube-petit/ros/install/vesc_msgs:/home/cube-petit/ros/install/cube_navigation:/home/cube-petit/ros/install/spatio_temporal_voxel_layer:/home/cube-petit/ros/install/cube_petit_text_to_speech:/home/cube-petit/ros/install/cube_petit_speech_to_text:/home/cube-petit/ros/install/sbgisen_msgs:/home/cube-petit/ros/install/sbgisen_gazebo_plugins:/home/cube-petit/ros/install/sbgisen_docking_plugin:/home/cube-petit/ros/install/ros2_socketcan_msgs:/home/cube-petit/ros/install/cube_server:/home/cube-petit/ros/install/robot_pose_publisher_ros2:/home/cube-petit/ros/install/perception_pcl:/home/cube-petit/ros/install/ira_laser_tools:/home/cube-petit/ros/install/cube_petit_gazebo:/home/cube-petit/ros/install/pcl_ros:/home/cube-petit/ros/install/pcl_conversions:/home/cube-petit/ros/install/openvdb_vendor:/home/cube-petit/ros/install/multi_hc_sr04:/home/cube-petit/ros/install/mpu6050_serial_to_imu:/home/cube-petit/ros/install/lh_laser_driver:/home/cube-petit/ros/install/ldlidar_stl_ros2:/home/cube-petit/ros/install/kinect2_bridge:/home/cube-petit/ros/install/kinect2_registration:/home/cube-petit/ros/install/imu_filter_tools:/home/cube-petit/ros/install/imu_drift_correction:/home/cube-petit/ros/install/hins_driver_laser:/home/cube-petit/ros/install/dji_ros_controller:/home/cube-petit/ros/install/depthai-ros:/home/cube-petit/ros/install/depthai_ros_driver:/home/cube-petit/ros/install/depthai_filters:/home/cube-petit/ros/install/depthai_examples:/home/cube-petit/ros/install/depthai_bridge:/home/cube-petit/ros/install/depthai_ros_msgs:/home/cube-petit/ros/install/depthai_hand_tracker:/home/cube-petit/ros/install/depthai_descriptions:/home/cube-petit/ros/install/cube_teleop:/home/cube-petit/ros/install/cube_petit_ros:/home/cube-petit/ros/install/cube_petit_hardware_interface:/home/cube-petit/ros/install/cube_petit_facial_animation:/home/cube-petit/ros/install/cube_petit_description:/home/cube-petit/ros/install/cube_speech:/home/cube-petit/ros/install/cube_diagnostic:/opt/ros/humble:/home/cube-petit/ros/install/cube_petit_bringup:/home/cube-petit/ros/install/cube_expression:/home/cube-petit/ros/install/cube_description:/home/cube-petit/ros/install/brass_gazebo_battery:/home/cube-petit/ros/install/akulidar_ros /usr/bin/cmake /home/cube-petit/ros/src/cube_petit_ros/cube_petit_hardware_interface -DCMAKE_INSTALL_PREFIX=/home/cube-petit/ros/src/cube_petit_ros/install/cube_petit_hardware_interface[0m
[0.667s] [34mcolcon.colcon_core.event_handler.log_command[0m [1;30mDEBUG[0m [32mInvoking command in '/home/cube-petit/ros/src/cube_petit_ros/build/cube_petit_speech_to_text': CMAKE_PREFIX_PATH=/home/cube-petit/ros/install/vesc:/home/cube-petit/ros/install/cube:/home/cube-petit/ros/install/cube_gazebo:/home/cube-petit/ros/install/cube_bringup:/home/cube-petit/ros/install/cube_hw_interface:/home/cube-petit/ros/install/vesc_hw_interface:/home/cube-petit/ros/install/vesc_driver:/home/cube-petit/ros/install/vesc_msgs:/home/cube-petit/ros/install/cube_navigation:/home/cube-petit/ros/install/spatio_temporal_voxel_layer:/home/cube-petit/ros/install/cube_petit_text_to_speech:/home/cube-petit/ros/install/cube_petit_speech_to_text:/home/cube-petit/ros/install/sbgisen_msgs:/home/cube-petit/ros/install/sbgisen_gazebo_plugins:/home/cube-petit/ros/install/sbgisen_docking_plugin:/home/cube-petit/ros/install/ros2_socketcan_msgs:/home/cube-petit/ros/install/cube_server:/home/cube-petit/ros/install/robot_pose_publisher_ros2:/home/cube-petit/ros/install/perception_pcl:/home/cube-petit/ros/install/ira_laser_tools:/home/cube-petit/ros/install/cube_petit_gazebo:/home/cube-petit/ros/install/pcl_ros:/home/cube-petit/ros/install/pcl_conversions:/home/cube-petit/ros/install/openvdb_vendor:/home/cube-petit/ros/install/multi_hc_sr04:/home/cube-petit/ros/install/mpu6050_serial_to_imu:/home/cube-petit/ros/install/lh_laser_driver:/home/cube-petit/ros/install/ldlidar_stl_ros2:/home/cube-petit/ros/install/kinect2_bridge:/home/cube-petit/ros/install/kinect2_registration:/home/cube-petit/ros/install/imu_filter_tools:/home/cube-petit/ros/install/imu_drift_correction:/home/cube-petit/ros/install/hins_driver_laser:/home/cube-petit/ros/install/dji_ros_controller:/home/cube-petit/ros/install/depthai-ros:/home/cube-petit/ros/install/depthai_ros_driver:/home/cube-petit/ros/install/depthai_filters:/home/cube-petit/ros/install/depthai_examples:/home/cube-petit/ros/install/depthai_bridge:/home/cube-petit/ros/install/depthai_ros_msgs:/home/cube-petit/ros/install/depthai_hand_tracker:/home/cube-petit/ros/install/depthai_descriptions:/home/cube-petit/ros/install/cube_teleop:/home/cube-petit/ros/install/cube_petit_ros:/home/cube-petit/ros/install/cube_petit_hardware_interface:/home/cube-petit/ros/install/cube_petit_facial_animation:/home/cube-petit/ros/install/cube_petit_description:/home/cube-petit/ros/install/cube_speech:/home/cube-petit/ros/install/cube_diagnostic:/opt/ros/humble:/home/cube-petit/ros/install/cube_petit_bringup:/home/cube-petit/ros/install/cube_expression:/home/cube-petit/ros/install/cube_description:/home/cube-petit/ros/install/brass_gazebo_battery:/home/cube-petit/ros/install/akulidar_ros /usr/bin/cmake /home/cube-petit/ros/src/cube_petit_ros/cube_petit_speech_to_text -DCMAKE_INSTALL_PREFIX=/home/cube-petit/ros/src/cube_petit_ros/install/cube_petit_speech_to_text[0m
[0.673s] [34mcolcon.colcon_core.event_handler.log_command[0m [1;30mDEBUG[0m [32mInvoking command in '/home/cube-petit/ros/src/cube_petit_ros/build/cube_petit_text_to_speech': CMAKE_PREFIX_PATH=/home/cube-petit/ros/install/vesc:/home/cube-petit/ros/install/cube:/home/cube-petit/ros/install/cube_gazebo:/home/cube-petit/ros/install/cube_bringup:/home/cube-petit/ros/install/cube_hw_interface:/home/cube-petit/ros/install/vesc_hw_interface:/home/cube-petit/ros/install/vesc_driver:/home/cube-petit/ros/install/vesc_msgs:/home/cube-petit/ros/install/cube_navigation:/home/cube-petit/ros/install/spatio_temporal_voxel_layer:/home/cube-petit/ros/install/cube_petit_text_to_speech:/home/cube-petit/ros/install/cube_petit_speech_to_text:/home/cube-petit/ros/install/sbgisen_msgs:/home/cube-petit/ros/install/sbgisen_gazebo_plugins:/home/cube-petit/ros/install/sbgisen_docking_plugin:/home/cube-petit/ros/install/ros2_socketcan_msgs:/home/cube-petit/ros/install/cube_server:/home/cube-petit/ros/install/robot_pose_publisher_ros2:/home/cube-petit/ros/install/perception_pcl:/home/cube-petit/ros/install/ira_laser_tools:/home/cube-petit/ros/install/cube_petit_gazebo:/home/cube-petit/ros/install/pcl_ros:/home/cube-petit/ros/install/pcl_conversions:/home/cube-petit/ros/install/openvdb_vendor:/home/cube-petit/ros/install/multi_hc_sr04:/home/cube-petit/ros/install/mpu6050_serial_to_imu:/home/cube-petit/ros/install/lh_laser_driver:/home/cube-petit/ros/install/ldlidar_stl_ros2:/home/cube-petit/ros/install/kinect2_bridge:/home/cube-petit/ros/install/kinect2_registration:/home/cube-petit/ros/install/imu_filter_tools:/home/cube-petit/ros/install/imu_drift_correction:/home/cube-petit/ros/install/hins_driver_laser:/home/cube-petit/ros/install/dji_ros_controller:/home/cube-petit/ros/install/depthai-ros:/home/cube-petit/ros/install/depthai_ros_driver:/home/cube-petit/ros/install/depthai_filters:/home/cube-petit/ros/install/depthai_examples:/home/cube-petit/ros/install/depthai_bridge:/home/cube-petit/ros/install/depthai_ros_msgs:/home/cube-petit/ros/install/depthai_hand_tracker:/home/cube-petit/ros/install/depthai_descriptions:/home/cube-petit/ros/install/cube_teleop:/home/cube-petit/ros/install/cube_petit_ros:/home/cube-petit/ros/install/cube_petit_hardware_interface:/home/cube-petit/ros/install/cube_petit_facial_animation:/home/cube-petit/ros/install/cube_petit_description:/home/cube-petit/ros/install/cube_speech:/home/cube-petit/ros/install/cube_diagnostic:/opt/ros/humble:/home/cube-petit/ros/install/cube_petit_bringup:/home/cube-petit/ros/install/cube_expression:/home/cube-petit/ros/install/cube_description:/home/cube-petit/ros/install/brass_gazebo_battery:/home/cube-petit/ros/install/akulidar_ros /usr/bin/cmake /home/cube-petit/ros/src/cube_petit_ros/cube_petit_text_to_speech -DCMAKE_INSTALL_PREFIX=/home/cube-petit/ros/src/cube_petit_ros/install/cube_petit_text_to_speech[0m
[2.378s] [34mcolcon.colcon_core.event_handler.log_command[0m [1;30mDEBUG[0m [32mInvoked command in '/home/cube-petit/ros/src/cube_petit_ros/build/cube_petit_description' returned '0': CMAKE_PREFIX_PATH=/home/cube-petit/ros/install/vesc:/home/cube-petit/ros/install/cube:/home/cube-petit/ros/install/cube_gazebo:/home/cube-petit/ros/install/cube_bringup:/home/cube-petit/ros/install/cube_hw_interface:/home/cube-petit/ros/install/vesc_hw_interface:/home/cube-petit/ros/install/vesc_driver:/home/cube-petit/ros/install/vesc_msgs:/home/cube-petit/ros/install/cube_navigation:/home/cube-petit/ros/install/spatio_temporal_voxel_layer:/home/cube-petit/ros/install/cube_petit_text_to_speech:/home/cube-petit/ros/install/cube_petit_speech_to_text:/home/cube-petit/ros/install/sbgisen_msgs:/home/cube-petit/ros/install/sbgisen_gazebo_plugins:/home/cube-petit/ros/install/sbgisen_docking_plugin:/home/cube-petit/ros/install/ros2_socketcan_msgs:/home/cube-petit/ros/install/cube_server:/home/cube-petit/ros/install/robot_pose_publisher_ros2:/home/cube-petit/ros/install/perception_pcl:/home/cube-petit/ros/install/ira_laser_tools:/home/cube-petit/ros/install/cube_petit_gazebo:/home/cube-petit/ros/install/pcl_ros:/home/cube-petit/ros/install/pcl_conversions:/home/cube-petit/ros/install/openvdb_vendor:/home/cube-petit/ros/install/multi_hc_sr04:/home/cube-petit/ros/install/mpu6050_serial_to_imu:/home/cube-petit/ros/install/lh_laser_driver:/home/cube-petit/ros/install/ldlidar_stl_ros2:/home/cube-petit/ros/install/kinect2_bridge:/home/cube-petit/ros/install/kinect2_registration:/home/cube-petit/ros/install/imu_filter_tools:/home/cube-petit/ros/install/imu_drift_correction:/home/cube-petit/ros/install/hins_driver_laser:/home/cube-petit/ros/install/dji_ros_controller:/home/cube-petit/ros/install/depthai-ros:/home/cube-petit/ros/install/depthai_ros_driver:/home/cube-petit/ros/install/depthai_filters:/home/cube-petit/ros/install/depthai_examples:/home/cube-petit/ros/install/depthai_bridge:/home/cube-petit/ros/install/depthai_ros_msgs:/home/cube-petit/ros/install/depthai_hand_tracker:/home/cube-petit/ros/install/depthai_descriptions:/home/cube-petit/ros/install/cube_teleop:/home/cube-petit/ros/install/cube_petit_ros:/home/cube-petit/ros/install/cube_petit_hardware_interface:/home/cube-petit/ros/install/cube_petit_facial_animation:/home/cube-petit/ros/install/cube_petit_description:/home/cube-petit/ros/install/cube_speech:/home/cube-petit/ros/install/cube_diagnostic:/opt/ros/humble:/home/cube-petit/ros/install/cube_petit_bringup:/home/cube-petit/ros/install/cube_expression:/home/cube-petit/ros/install/cube_description:/home/cube-petit/ros/install/brass_gazebo_battery:/home/cube-petit/ros/install/akulidar_ros /usr/bin/cmake /home/cube-petit/ros/src/cube_petit_ros/cube_petit_description -DCMAKE_INSTALL_PREFIX=/home/cube-petit/ros/src/cube_petit_ros/install/cube_petit_description[0m
[2.380s] [34mcolcon.colcon_core.event_handler.log_command[0m [1;30mDEBUG[0m [32mInvoking command in '/home/cube-petit/ros/src/cube_petit_ros/build/cube_petit_description': CMAKE_PREFIX_PATH=/home/cube-petit/ros/install/vesc:/home/cube-petit/ros/install/cube:/home/cube-petit/ros/install/cube_gazebo:/home/cube-petit/ros/install/cube_bringup:/home/cube-petit/ros/install/cube_hw_interface:/home/cube-petit/ros/install/vesc_hw_interface:/home/cube-petit/ros/install/vesc_driver:/home/cube-petit/ros/install/vesc_msgs:/home/cube-petit/ros/install/cube_navigation:/home/cube-petit/ros/install/spatio_temporal_voxel_layer:/home/cube-petit/ros/install/cube_petit_text_to_speech:/home/cube-petit/ros/install/cube_petit_speech_to_text:/home/cube-petit/ros/install/sbgisen_msgs:/home/cube-petit/ros/install/sbgisen_gazebo_plugins:/home/cube-petit/ros/install/sbgisen_docking_plugin:/home/cube-petit/ros/install/ros2_socketcan_msgs:/home/cube-petit/ros/install/cube_server:/home/cube-petit/ros/install/robot_pose_publisher_ros2:/home/cube-petit/ros/install/perception_pcl:/home/cube-petit/ros/install/ira_laser_tools:/home/cube-petit/ros/install/cube_petit_gazebo:/home/cube-petit/ros/install/pcl_ros:/home/cube-petit/ros/install/pcl_conversions:/home/cube-petit/ros/install/openvdb_vendor:/home/cube-petit/ros/install/multi_hc_sr04:/home/cube-petit/ros/install/mpu6050_serial_to_imu:/home/cube-petit/ros/install/lh_laser_driver:/home/cube-petit/ros/install/ldlidar_stl_ros2:/home/cube-petit/ros/install/kinect2_bridge:/home/cube-petit/ros/install/kinect2_registration:/home/cube-petit/ros/install/imu_filter_tools:/home/cube-petit/ros/install/imu_drift_correction:/home/cube-petit/ros/install/hins_driver_laser:/home/cube-petit/ros/install/dji_ros_controller:/home/cube-petit/ros/install/depthai-ros:/home/cube-petit/ros/install/depthai_ros_driver:/home/cube-petit/ros/install/depthai_filters:/home/cube-petit/ros/install/depthai_examples:/home/cube-petit/ros/install/depthai_bridge:/home/cube-petit/ros/install/depthai_ros_msgs:/home/cube-petit/ros/install/depthai_hand_tracker:/home/cube-petit/ros/install/depthai_descriptions:/home/cube-petit/ros/install/cube_teleop:/home/cube-petit/ros/install/cube_petit_ros:/home/cube-petit/ros/install/cube_petit_hardware_interface:/home/cube-petit/ros/install/cube_petit_facial_animation:/home/cube-petit/ros/install/cube_petit_description:/home/cube-petit/ros/install/cube_speech:/home/cube-petit/ros/install/cube_diagnostic:/opt/ros/humble:/home/cube-petit/ros/install/cube_petit_bringup:/home/cube-petit/ros/install/cube_expression:/home/cube-petit/ros/install/cube_description:/home/cube-petit/ros/install/brass_gazebo_battery:/home/cube-petit/ros/install/akulidar_ros /usr/bin/cmake --build /home/cube-petit/ros/src/cube_petit_ros/build/cube_petit_description -- -j16 -l16[0m
[2.397s] [34mcolcon.colcon_core.event_handler.log_command[0m [1;30mDEBUG[0m [32mInvoked command in '/home/cube-petit/ros/src/cube_petit_ros/build/cube_petit_facial_animation' returned '0': CMAKE_PREFIX_PATH=/home/cube-petit/ros/install/vesc:/home/cube-petit/ros/install/cube:/home/cube-petit/ros/install/cube_gazebo:/home/cube-petit/ros/install/cube_bringup:/home/cube-petit/ros/install/cube_hw_interface:/home/cube-petit/ros/install/vesc_hw_interface:/home/cube-petit/ros/install/vesc_driver:/home/cube-petit/ros/install/vesc_msgs:/home/cube-petit/ros/install/cube_navigation:/home/cube-petit/ros/install/spatio_temporal_voxel_layer:/home/cube-petit/ros/install/cube_petit_text_to_speech:/home/cube-petit/ros/install/cube_petit_speech_to_text:/home/cube-petit/ros/install/sbgisen_msgs:/home/cube-petit/ros/install/sbgisen_gazebo_plugins:/home/cube-petit/ros/install/sbgisen_docking_plugin:/home/cube-petit/ros/install/ros2_socketcan_msgs:/home/cube-petit/ros/install/cube_server:/home/cube-petit/ros/install/robot_pose_publisher_ros2:/home/cube-petit/ros/install/perception_pcl:/home/cube-petit/ros/install/ira_laser_tools:/home/cube-petit/ros/install/cube_petit_gazebo:/home/cube-petit/ros/install/pcl_ros:/home/cube-petit/ros/install/pcl_conversions:/home/cube-petit/ros/install/openvdb_vendor:/home/cube-petit/ros/install/multi_hc_sr04:/home/cube-petit/ros/install/mpu6050_serial_to_imu:/home/cube-petit/ros/install/lh_laser_driver:/home/cube-petit/ros/install/ldlidar_stl_ros2:/home/cube-petit/ros/install/kinect2_bridge:/home/cube-petit/ros/install/kinect2_registration:/home/cube-petit/ros/install/imu_filter_tools:/home/cube-petit/ros/install/imu_drift_correction:/home/cube-petit/ros/install/hins_driver_laser:/home/cube-petit/ros/install/dji_ros_controller:/home/cube-petit/ros/install/depthai-ros:/home/cube-petit/ros/install/depthai_ros_driver:/home/cube-petit/ros/install/depthai_filters:/home/cube-petit/ros/install/depthai_examples:/home/cube-petit/ros/install/depthai_bridge:/home/cube-petit/ros/install/depthai_ros_msgs:/home/cube-petit/ros/install/depthai_hand_tracker:/home/cube-petit/ros/install/depthai_descriptions:/home/cube-petit/ros/install/cube_teleop:/home/cube-petit/ros/install/cube_petit_ros:/home/cube-petit/ros/install/cube_petit_hardware_interface:/home/cube-petit/ros/install/cube_petit_facial_animation:/home/cube-petit/ros/install/cube_petit_description:/home/cube-petit/ros/install/cube_speech:/home/cube-petit/ros/install/cube_diagnostic:/opt/ros/humble:/home/cube-petit/ros/install/cube_petit_bringup:/home/cube-petit/ros/install/cube_expression:/home/cube-petit/ros/install/cube_description:/home/cube-petit/ros/install/brass_gazebo_battery:/home/cube-petit/ros/install/akulidar_ros /usr/bin/cmake /home/cube-petit/ros/src/cube_petit_ros/cube_petit_facial_animation -DCMAKE_INSTALL_PREFIX=/home/cube-petit/ros/src/cube_petit_ros/install/cube_petit_facial_animation[0m
[2.398s] [34mcolcon.colcon_core.event_handler.log_command[0m [1;30mDEBUG[0m [32mInvoking command in '/home/cube-petit/ros/src/cube_petit_ros/build/cube_petit_facial_animation': CMAKE_PREFIX_PATH=/home/cube-petit/ros/install/vesc:/home/cube-petit/ros/install/cube:/home/cube-petit/ros/install/cube_gazebo:/home/cube-petit/ros/install/cube_bringup:/home/cube-petit/ros/install/cube_hw_interface:/home/cube-petit/ros/install/vesc_hw_interface:/home/cube-petit/ros/install/vesc_driver:/home/cube-petit/ros/install/vesc_msgs:/home/cube-petit/ros/install/cube_navigation:/home/cube-petit/ros/install/spatio_temporal_voxel_layer:/home/cube-petit/ros/install/cube_petit_text_to_speech:/home/cube-petit/ros/install/cube_petit_speech_to_text:/home/cube-petit/ros/install/sbgisen_msgs:/home/cube-petit/ros/install/sbgisen_gazebo_plugins:/home/cube-petit/ros/install/sbgisen_docking_plugin:/home/cube-petit/ros/install/ros2_socketcan_msgs:/home/cube-petit/ros/install/cube_server:/home/cube-petit/ros/install/robot_pose_publisher_ros2:/home/cube-petit/ros/install/perception_pcl:/home/cube-petit/ros/install/ira_laser_tools:/home/cube-petit/ros/install/cube_petit_gazebo:/home/cube-petit/ros/install/pcl_ros:/home/cube-petit/ros/install/pcl_conversions:/home/cube-petit/ros/install/openvdb_vendor:/home/cube-petit/ros/install/multi_hc_sr04:/home/cube-petit/ros/install/mpu6050_serial_to_imu:/home/cube-petit/ros/install/lh_laser_driver:/home/cube-petit/ros/install/ldlidar_stl_ros2:/home/cube-petit/ros/install/kinect2_bridge:/home/cube-petit/ros/install/kinect2_registration:/home/cube-petit/ros/install/imu_filter_tools:/home/cube-petit/ros/install/imu_drift_correction:/home/cube-petit/ros/install/hins_driver_laser:/home/cube-petit/ros/install/dji_ros_controller:/home/cube-petit/ros/install/depthai-ros:/home/cube-petit/ros/install/depthai_ros_driver:/home/cube-petit/ros/install/depthai_filters:/home/cube-petit/ros/install/depthai_examples:/home/cube-petit/ros/install/depthai_bridge:/home/cube-petit/ros/install/depthai_ros_msgs:/home/cube-petit/ros/install/depthai_hand_tracker:/home/cube-petit/ros/install/depthai_descriptions:/home/cube-petit/ros/install/cube_teleop:/home/cube-petit/ros/install/cube_petit_ros:/home/cube-petit/ros/install/cube_petit_hardware_interface:/home/cube-petit/ros/install/cube_petit_facial_animation:/home/cube-petit/ros/install/cube_petit_description:/home/cube-petit/ros/install/cube_speech:/home/cube-petit/ros/install/cube_diagnostic:/opt/ros/humble:/home/cube-petit/ros/install/cube_petit_bringup:/home/cube-petit/ros/install/cube_expression:/home/cube-petit/ros/install/cube_description:/home/cube-petit/ros/install/brass_gazebo_battery:/home/cube-petit/ros/install/akulidar_ros /usr/bin/cmake --build /home/cube-petit/ros/src/cube_petit_ros/build/cube_petit_facial_animation -- -j16 -l16[0m
[2.429s] [34mcolcon.colcon_core.event_handler.log_command[0m [1;30mDEBUG[0m [32mInvoked command in '/home/cube-petit/ros/src/cube_petit_ros/build/cube_petit_description' returned '0': CMAKE_PREFIX_PATH=/home/cube-petit/ros/install/vesc:/home/cube-petit/ros/install/cube:/home/cube-petit/ros/install/cube_gazebo:/home/cube-petit/ros/install/cube_bringup:/home/cube-petit/ros/install/cube_hw_interface:/home/cube-petit/ros/install/vesc_hw_interface:/home/cube-petit/ros/install/vesc_driver:/home/cube-petit/ros/install/vesc_msgs:/home/cube-petit/ros/install/cube_navigation:/home/cube-petit/ros/install/spatio_temporal_voxel_layer:/home/cube-petit/ros/install/cube_petit_text_to_speech:/home/cube-petit/ros/install/cube_petit_speech_to_text:/home/cube-petit/ros/install/sbgisen_msgs:/home/cube-petit/ros/install/sbgisen_gazebo_plugins:/home/cube-petit/ros/install/sbgisen_docking_plugin:/home/cube-petit/ros/install/ros2_socketcan_msgs:/home/cube-petit/ros/install/cube_server:/home/cube-petit/ros/install/robot_pose_publisher_ros2:/home/cube-petit/ros/install/perception_pcl:/home/cube-petit/ros/install/ira_laser_tools:/home/cube-petit/ros/install/cube_petit_gazebo:/home/cube-petit/ros/install/pcl_ros:/home/cube-petit/ros/install/pcl_conversions:/home/cube-petit/ros/install/openvdb_vendor:/home/cube-petit/ros/install/multi_hc_sr04:/home/cube-petit/ros/install/mpu6050_serial_to_imu:/home/cube-petit/ros/install/lh_laser_driver:/home/cube-petit/ros/install/ldlidar_stl_ros2:/home/cube-petit/ros/install/kinect2_bridge:/home/cube-petit/ros/install/kinect2_registration:/home/cube-petit/ros/install/imu_filter_tools:/home/cube-petit/ros/install/imu_drift_correction:/home/cube-petit/ros/install/hins_driver_laser:/home/cube-petit/ros/install/dji_ros_controller:/home/cube-petit/ros/install/depthai-ros:/home/cube-petit/ros/install/depthai_ros_driver:/home/cube-petit/ros/install/depthai_filters:/home/cube-petit/ros/install/depthai_examples:/home/cube-petit/ros/install/depthai_bridge:/home/cube-petit/ros/install/depthai_ros_msgs:/home/cube-petit/ros/install/depthai_hand_tracker:/home/cube-petit/ros/install/depthai_descriptions:/home/cube-petit/ros/install/cube_teleop:/home/cube-petit/ros/install/cube_petit_ros:/home/cube-petit/ros/install/cube_petit_hardware_interface:/home/cube-petit/ros/install/cube_petit_facial_animation:/home/cube-petit/ros/install/cube_petit_description:/home/cube-petit/ros/install/cube_speech:/home/cube-petit/ros/install/cube_diagnostic:/opt/ros/humble:/home/cube-petit/ros/install/cube_petit_bringup:/home/cube-petit/ros/install/cube_expression:/home/cube-petit/ros/install/cube_description:/home/cube-petit/ros/install/brass_gazebo_battery:/home/cube-petit/ros/install/akulidar_ros /usr/bin/cmake --build /home/cube-petit/ros/src/cube_petit_ros/build/cube_petit_description -- -j16 -l16[0m
[2.447s] [34mcolcon.colcon_core.event_handler.log_command[0m [1;30mDEBUG[0m [32mInvoked command in '/home/cube-petit/ros/src/cube_petit_ros/build/cube_petit_facial_animation' returned '0': CMAKE_PREFIX_PATH=/home/cube-petit/ros/install/vesc:/home/cube-petit/ros/install/cube:/home/cube-petit/ros/install/cube_gazebo:/home/cube-petit/ros/install/cube_bringup:/home/cube-petit/ros/install/cube_hw_interface:/home/cube-petit/ros/install/vesc_hw_interface:/home/cube-petit/ros/install/vesc_driver:/home/cube-petit/ros/install/vesc_msgs:/home/cube-petit/ros/install/cube_navigation:/home/cube-petit/ros/install/spatio_temporal_voxel_layer:/home/cube-petit/ros/install/cube_petit_text_to_speech:/home/cube-petit/ros/install/cube_petit_speech_to_text:/home/cube-petit/ros/install/sbgisen_msgs:/home/cube-petit/ros/install/sbgisen_gazebo_plugins:/home/cube-petit/ros/install/sbgisen_docking_plugin:/home/cube-petit/ros/install/ros2_socketcan_msgs:/home/cube-petit/ros/install/cube_server:/home/cube-petit/ros/install/robot_pose_publisher_ros2:/home/cube-petit/ros/install/perception_pcl:/home/cube-petit/ros/install/ira_laser_tools:/home/cube-petit/ros/install/cube_petit_gazebo:/home/cube-petit/ros/install/pcl_ros:/home/cube-petit/ros/install/pcl_conversions:/home/cube-petit/ros/install/openvdb_vendor:/home/cube-petit/ros/install/multi_hc_sr04:/home/cube-petit/ros/install/mpu6050_serial_to_imu:/home/cube-petit/ros/install/lh_laser_driver:/home/cube-petit/ros/install/ldlidar_stl_ros2:/home/cube-petit/ros/install/kinect2_bridge:/home/cube-petit/ros/install/kinect2_registration:/home/cube-petit/ros/install/imu_filter_tools:/home/cube-petit/ros/install/imu_drift_correction:/home/cube-petit/ros/install/hins_driver_laser:/home/cube-petit/ros/install/dji_ros_controller:/home/cube-petit/ros/install/depthai-ros:/home/cube-petit/ros/install/depthai_ros_driver:/home/cube-petit/ros/install/depthai_filters:/home/cube-petit/ros/install/depthai_examples:/home/cube-petit/ros/install/depthai_bridge:/home/cube-petit/ros/install/depthai_ros_msgs:/home/cube-petit/ros/install/depthai_hand_tracker:/home/cube-petit/ros/install/depthai_descriptions:/home/cube-petit/ros/install/cube_teleop:/home/cube-petit/ros/install/cube_petit_ros:/home/cube-petit/ros/install/cube_petit_hardware_interface:/home/cube-petit/ros/install/cube_petit_facial_animation:/home/cube-petit/ros/install/cube_petit_description:/home/cube-petit/ros/install/cube_speech:/home/cube-petit/ros/install/cube_diagnostic:/opt/ros/humble:/home/cube-petit/ros/install/cube_petit_bringup:/home/cube-petit/ros/install/cube_expression:/home/cube-petit/ros/install/cube_description:/home/cube-petit/ros/install/brass_gazebo_battery:/home/cube-petit/ros/install/akulidar_ros /usr/bin/cmake --build /home/cube-petit/ros/src/cube_petit_ros/build/cube_petit_facial_animation -- -j16 -l16[0m
[2.450s] [34mcolcon.colcon_core.event_handler.log_command[0m [1;30mDEBUG[0m [32mInvoked command in '/home/cube-petit/ros/src/cube_petit_ros/build/cube_petit_bringup' returned '0': CMAKE_PREFIX_PATH=/home/cube-petit/ros/install/vesc:/home/cube-petit/ros/install/cube:/home/cube-petit/ros/install/cube_gazebo:/home/cube-petit/ros/install/cube_bringup:/home/cube-petit/ros/install/cube_hw_interface:/home/cube-petit/ros/install/vesc_hw_interface:/home/cube-petit/ros/install/vesc_driver:/home/cube-petit/ros/install/vesc_msgs:/home/cube-petit/ros/install/cube_navigation:/home/cube-petit/ros/install/spatio_temporal_voxel_layer:/home/cube-petit/ros/install/cube_petit_text_to_speech:/home/cube-petit/ros/install/cube_petit_speech_to_text:/home/cube-petit/ros/install/sbgisen_msgs:/home/cube-petit/ros/install/sbgisen_gazebo_plugins:/home/cube-petit/ros/install/sbgisen_docking_plugin:/home/cube-petit/ros/install/ros2_socketcan_msgs:/home/cube-petit/ros/install/cube_server:/home/cube-petit/ros/install/robot_pose_publisher_ros2:/home/cube-petit/ros/install/perception_pcl:/home/cube-petit/ros/install/ira_laser_tools:/home/cube-petit/ros/install/cube_petit_gazebo:/home/cube-petit/ros/install/pcl_ros:/home/cube-petit/ros/install/pcl_conversions:/home/cube-petit/ros/install/openvdb_vendor:/home/cube-petit/ros/install/multi_hc_sr04:/home/cube-petit/ros/install/mpu6050_serial_to_imu:/home/cube-petit/ros/install/lh_laser_driver:/home/cube-petit/ros/install/ldlidar_stl_ros2:/home/cube-petit/ros/install/kinect2_bridge:/home/cube-petit/ros/install/kinect2_registration:/home/cube-petit/ros/install/imu_filter_tools:/home/cube-petit/ros/install/imu_drift_correction:/home/cube-petit/ros/install/hins_driver_laser:/home/cube-petit/ros/install/dji_ros_controller:/home/cube-petit/ros/install/depthai-ros:/home/cube-petit/ros/install/depthai_ros_driver:/home/cube-petit/ros/install/depthai_filters:/home/cube-petit/ros/install/depthai_examples:/home/cube-petit/ros/install/depthai_bridge:/home/cube-petit/ros/install/depthai_ros_msgs:/home/cube-petit/ros/install/depthai_hand_tracker:/home/cube-petit/ros/install/depthai_descriptions:/home/cube-petit/ros/install/cube_teleop:/home/cube-petit/ros/install/cube_petit_ros:/home/cube-petit/ros/install/cube_petit_hardware_interface:/home/cube-petit/ros/install/cube_petit_facial_animation:/home/cube-petit/ros/install/cube_petit_description:/home/cube-petit/ros/install/cube_speech:/home/cube-petit/ros/install/cube_diagnostic:/opt/ros/humble:/home/cube-petit/ros/install/cube_petit_bringup:/home/cube-petit/ros/install/cube_expression:/home/cube-petit/ros/install/cube_description:/home/cube-petit/ros/install/brass_gazebo_battery:/home/cube-petit/ros/install/akulidar_ros /usr/bin/cmake /home/cube-petit/ros/src/cube_petit_ros/cube_petit_bringup -DCMAKE_INSTALL_PREFIX=/home/cube-petit/ros/src/cube_petit_ros/install/cube_petit_bringup[0m
[2.451s] [34mcolcon.colcon_core.event_handler.log_command[0m [1;30mDEBUG[0m [32mInvoking command in '/home/cube-petit/ros/src/cube_petit_ros/build/cube_petit_bringup': CMAKE_PREFIX_PATH=/home/cube-petit/ros/install/vesc:/home/cube-petit/ros/install/cube:/home/cube-petit/ros/install/cube_gazebo:/home/cube-petit/ros/install/cube_bringup:/home/cube-petit/ros/install/cube_hw_interface:/home/cube-petit/ros/install/vesc_hw_interface:/home/cube-petit/ros/install/vesc_driver:/home/cube-petit/ros/install/vesc_msgs:/home/cube-petit/ros/install/cube_navigation:/home/cube-petit/ros/install/spatio_temporal_voxel_layer:/home/cube-petit/ros/install/cube_petit_text_to_speech:/home/cube-petit/ros/install/cube_petit_speech_to_text:/home/cube-petit/ros/install/sbgisen_msgs:/home/cube-petit/ros/install/sbgisen_gazebo_plugins:/home/cube-petit/ros/install/sbgisen_docking_plugin:/home/cube-petit/ros/install/ros2_socketcan_msgs:/home/cube-petit/ros/install/cube_server:/home/cube-petit/ros/install/robot_pose_publisher_ros2:/home/cube-petit/ros/install/perception_pcl:/home/cube-petit/ros/install/ira_laser_tools:/home/cube-petit/ros/install/cube_petit_gazebo:/home/cube-petit/ros/install/pcl_ros:/home/cube-petit/ros/install/pcl_conversions:/home/cube-petit/ros/install/openvdb_vendor:/home/cube-petit/ros/install/multi_hc_sr04:/home/cube-petit/ros/install/mpu6050_serial_to_imu:/home/cube-petit/ros/install/lh_laser_driver:/home/cube-petit/ros/install/ldlidar_stl_ros2:/home/cube-petit/ros/install/kinect2_bridge:/home/cube-petit/ros/install/kinect2_registration:/home/cube-petit/ros/install/imu_filter_tools:/home/cube-petit/ros/install/imu_drift_correction:/home/cube-petit/ros/install/hins_driver_laser:/home/cube-petit/ros/install/dji_ros_controller:/home/cube-petit/ros/install/depthai-ros:/home/cube-petit/ros/install/depthai_ros_driver:/home/cube-petit/ros/install/depthai_filters:/home/cube-petit/ros/install/depthai_examples:/home/cube-petit/ros/install/depthai_bridge:/home/cube-petit/ros/install/depthai_ros_msgs:/home/cube-petit/ros/install/depthai_hand_tracker:/home/cube-petit/ros/install/depthai_descriptions:/home/cube-petit/ros/install/cube_teleop:/home/cube-petit/ros/install/cube_petit_ros:/home/cube-petit/ros/install/cube_petit_hardware_interface:/home/cube-petit/ros/install/cube_petit_facial_animation:/home/cube-petit/ros/install/cube_petit_description:/home/cube-petit/ros/install/cube_speech:/home/cube-petit/ros/install/cube_diagnostic:/opt/ros/humble:/home/cube-petit/ros/install/cube_petit_bringup:/home/cube-petit/ros/install/cube_expression:/home/cube-petit/ros/install/cube_description:/home/cube-petit/ros/install/brass_gazebo_battery:/home/cube-petit/ros/install/akulidar_ros /usr/bin/cmake --build /home/cube-petit/ros/src/cube_petit_ros/build/cube_petit_bringup -- -j16 -l16[0m
[2.472s] [34mcolcon.colcon_core.event_handler.log_command[0m [1;30mDEBUG[0m [32mInvoking command in '/home/cube-petit/ros/src/cube_petit_ros/build/cube_petit_description': CMAKE_PREFIX_PATH=/home/cube-petit/ros/install/vesc:/home/cube-petit/ros/install/cube:/home/cube-petit/ros/install/cube_gazebo:/home/cube-petit/ros/install/cube_bringup:/home/cube-petit/ros/install/cube_hw_interface:/home/cube-petit/ros/install/vesc_hw_interface:/home/cube-petit/ros/install/vesc_driver:/home/cube-petit/ros/install/vesc_msgs:/home/cube-petit/ros/install/cube_navigation:/home/cube-petit/ros/install/spatio_temporal_voxel_layer:/home/cube-petit/ros/install/cube_petit_text_to_speech:/home/cube-petit/ros/install/cube_petit_speech_to_text:/home/cube-petit/ros/install/sbgisen_msgs:/home/cube-petit/ros/install/sbgisen_gazebo_plugins:/home/cube-petit/ros/install/sbgisen_docking_plugin:/home/cube-petit/ros/install/ros2_socketcan_msgs:/home/cube-petit/ros/install/cube_server:/home/cube-petit/ros/install/robot_pose_publisher_ros2:/home/cube-petit/ros/install/perception_pcl:/home/cube-petit/ros/install/ira_laser_tools:/home/cube-petit/ros/install/cube_petit_gazebo:/home/cube-petit/ros/install/pcl_ros:/home/cube-petit/ros/install/pcl_conversions:/home/cube-petit/ros/install/openvdb_vendor:/home/cube-petit/ros/install/multi_hc_sr04:/home/cube-petit/ros/install/mpu6050_serial_to_imu:/home/cube-petit/ros/install/lh_laser_driver:/home/cube-petit/ros/install/ldlidar_stl_ros2:/home/cube-petit/ros/install/kinect2_bridge:/home/cube-petit/ros/install/kinect2_registration:/home/cube-petit/ros/install/imu_filter_tools:/home/cube-petit/ros/install/imu_drift_correction:/home/cube-petit/ros/install/hins_driver_laser:/home/cube-petit/ros/install/dji_ros_controller:/home/cube-petit/ros/install/depthai-ros:/home/cube-petit/ros/install/depthai_ros_driver:/home/cube-petit/ros/install/depthai_filters:/home/cube-petit/ros/install/depthai_examples:/home/cube-petit/ros/install/depthai_bridge:/home/cube-petit/ros/install/depthai_ros_msgs:/home/cube-petit/ros/install/depthai_hand_tracker:/home/cube-petit/ros/install/depthai_descriptions:/home/cube-petit/ros/install/cube_teleop:/home/cube-petit/ros/install/cube_petit_ros:/home/cube-petit/ros/install/cube_petit_hardware_interface:/home/cube-petit/ros/install/cube_petit_facial_animation:/home/cube-petit/ros/install/cube_petit_description:/home/cube-petit/ros/install/cube_speech:/home/cube-petit/ros/install/cube_diagnostic:/opt/ros/humble:/home/cube-petit/ros/install/cube_petit_bringup:/home/cube-petit/ros/install/cube_expression:/home/cube-petit/ros/install/cube_description:/home/cube-petit/ros/install/brass_gazebo_battery:/home/cube-petit/ros/install/akulidar_ros /usr/bin/cmake --install /home/cube-petit/ros/src/cube_petit_ros/build/cube_petit_description[0m
[2.476s] [34mcolcon.colcon_core.event_handler.log_command[0m [1;30mDEBUG[0m [32mInvoking command in '/home/cube-petit/ros/src/cube_petit_ros/build/cube_petit_facial_animation': CMAKE_PREFIX_PATH=/home/cube-petit/ros/install/vesc:/home/cube-petit/ros/install/cube:/home/cube-petit/ros/install/cube_gazebo:/home/cube-petit/ros/install/cube_bringup:/home/cube-petit/ros/install/cube_hw_interface:/home/cube-petit/ros/install/vesc_hw_interface:/home/cube-petit/ros/install/vesc_driver:/home/cube-petit/ros/install/vesc_msgs:/home/cube-petit/ros/install/cube_navigation:/home/cube-petit/ros/install/spatio_temporal_voxel_layer:/home/cube-petit/ros/install/cube_petit_text_to_speech:/home/cube-petit/ros/install/cube_petit_speech_to_text:/home/cube-petit/ros/install/sbgisen_msgs:/home/cube-petit/ros/install/sbgisen_gazebo_plugins:/home/cube-petit/ros/install/sbgisen_docking_plugin:/home/cube-petit/ros/install/ros2_socketcan_msgs:/home/cube-petit/ros/install/cube_server:/home/cube-petit/ros/install/robot_pose_publisher_ros2:/home/cube-petit/ros/install/perception_pcl:/home/cube-petit/ros/install/ira_laser_tools:/home/cube-petit/ros/install/cube_petit_gazebo:/home/cube-petit/ros/install/pcl_ros:/home/cube-petit/ros/install/pcl_conversions:/home/cube-petit/ros/install/openvdb_vendor:/home/cube-petit/ros/install/multi_hc_sr04:/home/cube-petit/ros/install/mpu6050_serial_to_imu:/home/cube-petit/ros/install/lh_laser_driver:/home/cube-petit/ros/install/ldlidar_stl_ros2:/home/cube-petit/ros/install/kinect2_bridge:/home/cube-petit/ros/install/kinect2_registration:/home/cube-petit/ros/install/imu_filter_tools:/home/cube-petit/ros/install/imu_drift_correction:/home/cube-petit/ros/install/hins_driver_laser:/home/cube-petit/ros/install/dji_ros_controller:/home/cube-petit/ros/install/depthai-ros:/home/cube-petit/ros/install/depthai_ros_driver:/home/cube-petit/ros/install/depthai_filters:/home/cube-petit/ros/install/depthai_examples:/home/cube-petit/ros/install/depthai_bridge:/home/cube-petit/ros/install/depthai_ros_msgs:/home/cube-petit/ros/install/depthai_hand_tracker:/home/cube-petit/ros/install/depthai_descriptions:/home/cube-petit/ros/install/cube_teleop:/home/cube-petit/ros/install/cube_petit_ros:/home/cube-petit/ros/install/cube_petit_hardware_interface:/home/cube-petit/ros/install/cube_petit_facial_animation:/home/cube-petit/ros/install/cube_petit_description:/home/cube-petit/ros/install/cube_speech:/home/cube-petit/ros/install/cube_diagnostic:/opt/ros/humble:/home/cube-petit/ros/install/cube_petit_bringup:/home/cube-petit/ros/install/cube_expression:/home/cube-petit/ros/install/cube_description:/home/cube-petit/ros/install/brass_gazebo_battery:/home/cube-petit/ros/install/akulidar_ros /usr/bin/cmake --install /home/cube-petit/ros/src/cube_petit_ros/build/cube_petit_facial_animation[0m
[2.491s] [34mcolcon.colcon_core.environment[0m [1;30mLevel 1[0m create_environment_scripts_only(cube_petit_facial_animation)
[2.492s] [34mcolcon.colcon_core.event_handler.log_command[0m [1;30mDEBUG[0m [32mInvoked command in '/home/cube-petit/ros/src/cube_petit_ros/build/cube_petit_facial_animation' returned '0': CMAKE_PREFIX_PATH=/home/cube-petit/ros/install/vesc:/home/cube-petit/ros/install/cube:/home/cube-petit/ros/install/cube_gazebo:/home/cube-petit/ros/install/cube_bringup:/home/cube-petit/ros/install/cube_hw_interface:/home/cube-petit/ros/install/vesc_hw_interface:/home/cube-petit/ros/install/vesc_driver:/home/cube-petit/ros/install/vesc_msgs:/home/cube-petit/ros/install/cube_navigation:/home/cube-petit/ros/install/spatio_temporal_voxel_layer:/home/cube-petit/ros/install/cube_petit_text_to_speech:/home/cube-petit/ros/install/cube_petit_speech_to_text:/home/cube-petit/ros/install/sbgisen_msgs:/home/cube-petit/ros/install/sbgisen_gazebo_plugins:/home/cube-petit/ros/install/sbgisen_docking_plugin:/home/cube-petit/ros/install/ros2_socketcan_msgs:/home/cube-petit/ros/install/cube_server:/home/cube-petit/ros/install/robot_pose_publisher_ros2:/home/cube-petit/ros/install/perception_pcl:/home/cube-petit/ros/install/ira_laser_tools:/home/cube-petit/ros/install/cube_petit_gazebo:/home/cube-petit/ros/install/pcl_ros:/home/cube-petit/ros/install/pcl_conversions:/home/cube-petit/ros/install/openvdb_vendor:/home/cube-petit/ros/install/multi_hc_sr04:/home/cube-petit/ros/install/mpu6050_serial_to_imu:/home/cube-petit/ros/install/lh_laser_driver:/home/cube-petit/ros/install/ldlidar_stl_ros2:/home/cube-petit/ros/install/kinect2_bridge:/home/cube-petit/ros/install/kinect2_registration:/home/cube-petit/ros/install/imu_filter_tools:/home/cube-petit/ros/install/imu_drift_correction:/home/cube-petit/ros/install/hins_driver_laser:/home/cube-petit/ros/install/dji_ros_controller:/home/cube-petit/ros/install/depthai-ros:/home/cube-petit/ros/install/depthai_ros_driver:/home/cube-petit/ros/install/depthai_filters:/home/cube-petit/ros/install/depthai_examples:/home/cube-petit/ros/install/depthai_bridge:/home/cube-petit/ros/install/depthai_ros_msgs:/home/cube-petit/ros/install/depthai_hand_tracker:/home/cube-petit/ros/install/depthai_descriptions:/home/cube-petit/ros/install/cube_teleop:/home/cube-petit/ros/install/cube_petit_ros:/home/cube-petit/ros/install/cube_petit_hardware_interface:/home/cube-petit/ros/install/cube_petit_facial_animation:/home/cube-petit/ros/install/cube_petit_description:/home/cube-petit/ros/install/cube_speech:/home/cube-petit/ros/install/cube_diagnostic:/opt/ros/humble:/home/cube-petit/ros/install/cube_petit_bringup:/home/cube-petit/ros/install/cube_expression:/home/cube-petit/ros/install/cube_description:/home/cube-petit/ros/install/brass_gazebo_battery:/home/cube-petit/ros/install/akulidar_ros /usr/bin/cmake --install /home/cube-petit/ros/src/cube_petit_ros/build/cube_petit_facial_animation[0m
[2.497s] [34mcolcon.colcon_core.environment[0m [1;30mLevel 1[0m checking '/home/cube-petit/ros/src/cube_petit_ros/install/cube_petit_facial_animation' for CMake module files
[2.497s] [34mcolcon.colcon_core.environment[0m [1;30mLevel 1[0m checking '/home/cube-petit/ros/src/cube_petit_ros/install/cube_petit_facial_animation' for CMake config files
[2.498s] [34mcolcon.colcon_core.shell[0m [1;30mLevel 1[0m create_environment_hook('cube_petit_facial_animation', 'cmake_prefix_path')
[2.498s] [34mcolcon.colcon_core.shell[0m [1;30mINFO[0m Creating environment hook '/home/cube-petit/ros/src/cube_petit_ros/install/cube_petit_facial_animation/share/cube_petit_facial_animation/hook/cmake_prefix_path.ps1'
[2.498s] [34mcolcon.colcon_core.shell[0m [1;30mINFO[0m Creating environment descriptor '/home/cube-petit/ros/src/cube_petit_ros/install/cube_petit_facial_animation/share/cube_petit_facial_animation/hook/cmake_prefix_path.dsv'
[2.499s] [34mcolcon.colcon_core.shell[0m [1;30mINFO[0m Creating environment hook '/home/cube-petit/ros/src/cube_petit_ros/install/cube_petit_facial_animation/share/cube_petit_facial_animation/hook/cmake_prefix_path.sh'
[2.500s] [34mcolcon.colcon_core.environment[0m [1;30mLevel 1[0m checking '/home/cube-petit/ros/src/cube_petit_ros/install/cube_petit_facial_animation/lib'
[2.500s] [34mcolcon.colcon_core.environment[0m [1;30mLevel 1[0m checking '/home/cube-petit/ros/src/cube_petit_ros/install/cube_petit_facial_animation/bin'
[2.500s] [34mcolcon.colcon_core.environment[0m [1;30mLevel 1[0m checking '/home/cube-petit/ros/src/cube_petit_ros/install/cube_petit_facial_animation/lib/pkgconfig/cube_petit_facial_animation.pc'
[2.501s] [34mcolcon.colcon_core.environment[0m [1;30mLevel 1[0m checking '/home/cube-petit/ros/src/cube_petit_ros/install/cube_petit_facial_animation/lib/python3.10/site-packages'
[2.501s] [34mcolcon.colcon_core.environment[0m [1;30mLevel 1[0m checking '/home/cube-petit/ros/src/cube_petit_ros/install/cube_petit_facial_animation/bin'
[2.501s] [34mcolcon.colcon_core.shell[0m [1;30mINFO[0m Creating package script '/home/cube-petit/ros/src/cube_petit_ros/install/cube_petit_facial_animation/share/cube_petit_facial_animation/package.ps1'
[2.502s] [34mcolcon.colcon_core.shell[0m [1;30mINFO[0m Creating package descriptor '/home/cube-petit/ros/src/cube_petit_ros/install/cube_petit_facial_animation/share/cube_petit_facial_animation/package.dsv'
[2.503s] [34mcolcon.colcon_core.shell[0m [1;30mINFO[0m Creating package script '/home/cube-petit/ros/src/cube_petit_ros/install/cube_petit_facial_animation/share/cube_petit_facial_animation/package.sh'
[2.504s] [34mcolcon.colcon_core.shell[0m [1;30mINFO[0m Creating package script '/home/cube-petit/ros/src/cube_petit_ros/install/cube_petit_facial_animation/share/cube_petit_facial_animation/package.bash'
[2.504s] [34mcolcon.colcon_core.shell[0m [1;30mINFO[0m Creating package script '/home/cube-petit/ros/src/cube_petit_ros/install/cube_petit_facial_animation/share/cube_petit_facial_animation/package.zsh'
[2.505s] [34mcolcon.colcon_core.environment[0m [1;30mLevel 1[0m create_file_with_runtime_dependencies(/home/cube-petit/ros/src/cube_petit_ros/install/cube_petit_facial_animation/share/colcon-core/packages/cube_petit_facial_animation)
[2.507s] [34mcolcon.colcon_core.event_handler.log_command[0m [1;30mDEBUG[0m [32mInvoked command in '/home/cube-petit/ros/src/cube_petit_ros/build/cube_petit_text_to_speech' returned '0': CMAKE_PREFIX_PATH=/home/cube-petit/ros/install/vesc:/home/cube-petit/ros/install/cube:/home/cube-petit/ros/install/cube_gazebo:/home/cube-petit/ros/install/cube_bringup:/home/cube-petit/ros/install/cube_hw_interface:/home/cube-petit/ros/install/vesc_hw_interface:/home/cube-petit/ros/install/vesc_driver:/home/cube-petit/ros/install/vesc_msgs:/home/cube-petit/ros/install/cube_navigation:/home/cube-petit/ros/install/spatio_temporal_voxel_layer:/home/cube-petit/ros/install/cube_petit_text_to_speech:/home/cube-petit/ros/install/cube_petit_speech_to_text:/home/cube-petit/ros/install/sbgisen_msgs:/home/cube-petit/ros/install/sbgisen_gazebo_plugins:/home/cube-petit/ros/install/sbgisen_docking_plugin:/home/cube-petit/ros/install/ros2_socketcan_msgs:/home/cube-petit/ros/install/cube_server:/home/cube-petit/ros/install/robot_pose_publisher_ros2:/home/cube-petit/ros/install/perception_pcl:/home/cube-petit/ros/install/ira_laser_tools:/home/cube-petit/ros/install/cube_petit_gazebo:/home/cube-petit/ros/install/pcl_ros:/home/cube-petit/ros/install/pcl_conversions:/home/cube-petit/ros/install/openvdb_vendor:/home/cube-petit/ros/install/multi_hc_sr04:/home/cube-petit/ros/install/mpu6050_serial_to_imu:/home/cube-petit/ros/install/lh_laser_driver:/home/cube-petit/ros/install/ldlidar_stl_ros2:/home/cube-petit/ros/install/kinect2_bridge:/home/cube-petit/ros/install/kinect2_registration:/home/cube-petit/ros/install/imu_filter_tools:/home/cube-petit/ros/install/imu_drift_correction:/home/cube-petit/ros/install/hins_driver_laser:/home/cube-petit/ros/install/dji_ros_controller:/home/cube-petit/ros/install/depthai-ros:/home/cube-petit/ros/install/depthai_ros_driver:/home/cube-petit/ros/install/depthai_filters:/home/cube-petit/ros/install/depthai_examples:/home/cube-petit/ros/install/depthai_bridge:/home/cube-petit/ros/install/depthai_ros_msgs:/home/cube-petit/ros/install/depthai_hand_tracker:/home/cube-petit/ros/install/depthai_descriptions:/home/cube-petit/ros/install/cube_teleop:/home/cube-petit/ros/install/cube_petit_ros:/home/cube-petit/ros/install/cube_petit_hardware_interface:/home/cube-petit/ros/install/cube_petit_facial_animation:/home/cube-petit/ros/install/cube_petit_description:/home/cube-petit/ros/install/cube_speech:/home/cube-petit/ros/install/cube_diagnostic:/opt/ros/humble:/home/cube-petit/ros/install/cube_petit_bringup:/home/cube-petit/ros/install/cube_expression:/home/cube-petit/ros/install/cube_description:/home/cube-petit/ros/install/brass_gazebo_battery:/home/cube-petit/ros/install/akulidar_ros /usr/bin/cmake /home/cube-petit/ros/src/cube_petit_ros/cube_petit_text_to_speech -DCMAKE_INSTALL_PREFIX=/home/cube-petit/ros/src/cube_petit_ros/install/cube_petit_text_to_speech[0m
[2.509s] [34mcolcon.colcon_core.event_handler.log_command[0m [1;30mDEBUG[0m [32mInvoking command in '/home/cube-petit/ros/src/cube_petit_ros/build/cube_petit_text_to_speech': CMAKE_PREFIX_PATH=/home/cube-petit/ros/install/vesc:/home/cube-petit/ros/install/cube:/home/cube-petit/ros/install/cube_gazebo:/home/cube-petit/ros/install/cube_bringup:/home/cube-petit/ros/install/cube_hw_interface:/home/cube-petit/ros/install/vesc_hw_interface:/home/cube-petit/ros/install/vesc_driver:/home/cube-petit/ros/install/vesc_msgs:/home/cube-petit/ros/install/cube_navigation:/home/cube-petit/ros/install/spatio_temporal_voxel_layer:/home/cube-petit/ros/install/cube_petit_text_to_speech:/home/cube-petit/ros/install/cube_petit_speech_to_text:/home/cube-petit/ros/install/sbgisen_msgs:/home/cube-petit/ros/install/sbgisen_gazebo_plugins:/home/cube-petit/ros/install/sbgisen_docking_plugin:/home/cube-petit/ros/install/ros2_socketcan_msgs:/home/cube-petit/ros/install/cube_server:/home/cube-petit/ros/install/robot_pose_publisher_ros2:/home/cube-petit/ros/install/perception_pcl:/home/cube-petit/ros/install/ira_laser_tools:/home/cube-petit/ros/install/cube_petit_gazebo:/home/cube-petit/ros/install/pcl_ros:/home/cube-petit/ros/install/pcl_conversions:/home/cube-petit/ros/install/openvdb_vendor:/home/cube-petit/ros/install/multi_hc_sr04:/home/cube-petit/ros/install/mpu6050_serial_to_imu:/home/cube-petit/ros/install/lh_laser_driver:/home/cube-petit/ros/install/ldlidar_stl_ros2:/home/cube-petit/ros/install/kinect2_bridge:/home/cube-petit/ros/install/kinect2_registration:/home/cube-petit/ros/install/imu_filter_tools:/home/cube-petit/ros/install/imu_drift_correction:/home/cube-petit/ros/install/hins_driver_laser:/home/cube-petit/ros/install/dji_ros_controller:/home/cube-petit/ros/install/depthai-ros:/home/cube-petit/ros/install/depthai_ros_driver:/home/cube-petit/ros/install/depthai_filters:/home/cube-petit/ros/install/depthai_examples:/home/cube-petit/ros/install/depthai_bridge:/home/cube-petit/ros/install/depthai_ros_msgs:/home/cube-petit/ros/install/depthai_hand_tracker:/home/cube-petit/ros/install/depthai_descriptions:/home/cube-petit/ros/install/cube_teleop:/home/cube-petit/ros/install/cube_petit_ros:/home/cube-petit/ros/install/cube_petit_hardware_interface:/home/cube-petit/ros/install/cube_petit_facial_animation:/home/cube-petit/ros/install/cube_petit_description:/home/cube-petit/ros/install/cube_speech:/home/cube-petit/ros/install/cube_diagnostic:/opt/ros/humble:/home/cube-petit/ros/install/cube_petit_bringup:/home/cube-petit/ros/install/cube_expression:/home/cube-petit/ros/install/cube_description:/home/cube-petit/ros/install/brass_gazebo_battery:/home/cube-petit/ros/install/akulidar_ros /usr/bin/cmake --build /home/cube-petit/ros/src/cube_petit_ros/build/cube_petit_text_to_speech -- -j16 -l16[0m
[2.509s] [34mcolcon.colcon_core.event_handler.log_command[0m [1;30mDEBUG[0m [32mInvoked command in '/home/cube-petit/ros/src/cube_petit_ros/build/cube_petit_bringup' returned '0': CMAKE_PREFIX_PATH=/home/cube-petit/ros/install/vesc:/home/cube-petit/ros/install/cube:/home/cube-petit/ros/install/cube_gazebo:/home/cube-petit/ros/install/cube_bringup:/home/cube-petit/ros/install/cube_hw_interface:/home/cube-petit/ros/install/vesc_hw_interface:/home/cube-petit/ros/install/vesc_driver:/home/cube-petit/ros/install/vesc_msgs:/home/cube-petit/ros/install/cube_navigation:/home/cube-petit/ros/install/spatio_temporal_voxel_layer:/home/cube-petit/ros/install/cube_petit_text_to_speech:/home/cube-petit/ros/install/cube_petit_speech_to_text:/home/cube-petit/ros/install/sbgisen_msgs:/home/cube-petit/ros/install/sbgisen_gazebo_plugins:/home/cube-petit/ros/install/sbgisen_docking_plugin:/home/cube-petit/ros/install/ros2_socketcan_msgs:/home/cube-petit/ros/install/cube_server:/home/cube-petit/ros/install/robot_pose_publisher_ros2:/home/cube-petit/ros/install/perception_pcl:/home/cube-petit/ros/install/ira_laser_tools:/home/cube-petit/ros/install/cube_petit_gazebo:/home/cube-petit/ros/install/pcl_ros:/home/cube-petit/ros/install/pcl_conversions:/home/cube-petit/ros/install/openvdb_vendor:/home/cube-petit/ros/install/multi_hc_sr04:/home/cube-petit/ros/install/mpu6050_serial_to_imu:/home/cube-petit/ros/install/lh_laser_driver:/home/cube-petit/ros/install/ldlidar_stl_ros2:/home/cube-petit/ros/install/kinect2_bridge:/home/cube-petit/ros/install/kinect2_registration:/home/cube-petit/ros/install/imu_filter_tools:/home/cube-petit/ros/install/imu_drift_correction:/home/cube-petit/ros/install/hins_driver_laser:/home/cube-petit/ros/install/dji_ros_controller:/home/cube-petit/ros/install/depthai-ros:/home/cube-petit/ros/install/depthai_ros_driver:/home/cube-petit/ros/install/depthai_filters:/home/cube-petit/ros/install/depthai_examples:/home/cube-petit/ros/install/depthai_bridge:/home/cube-petit/ros/install/depthai_ros_msgs:/home/cube-petit/ros/install/depthai_hand_tracker:/home/cube-petit/ros/install/depthai_descriptions:/home/cube-petit/ros/install/cube_teleop:/home/cube-petit/ros/install/cube_petit_ros:/home/cube-petit/ros/install/cube_petit_hardware_interface:/home/cube-petit/ros/install/cube_petit_facial_animation:/home/cube-petit/ros/install/cube_petit_description:/home/cube-petit/ros/install/cube_speech:/home/cube-petit/ros/install/cube_diagnostic:/opt/ros/humble:/home/cube-petit/ros/install/cube_petit_bringup:/home/cube-petit/ros/install/cube_expression:/home/cube-petit/ros/install/cube_description:/home/cube-petit/ros/install/brass_gazebo_battery:/home/cube-petit/ros/install/akulidar_ros /usr/bin/cmake --build /home/cube-petit/ros/src/cube_petit_ros/build/cube_petit_bringup -- -j16 -l16[0m
[2.511s] [34mcolcon.colcon_core.event_handler.log_command[0m [1;30mDEBUG[0m [32mInvoked command in '/home/cube-petit/ros/src/cube_petit_ros/build/cube_petit_speech_to_text' returned '0': CMAKE_PREFIX_PATH=/home/cube-petit/ros/install/vesc:/home/cube-petit/ros/install/cube:/home/cube-petit/ros/install/cube_gazebo:/home/cube-petit/ros/install/cube_bringup:/home/cube-petit/ros/install/cube_hw_interface:/home/cube-petit/ros/install/vesc_hw_interface:/home/cube-petit/ros/install/vesc_driver:/home/cube-petit/ros/install/vesc_msgs:/home/cube-petit/ros/install/cube_navigation:/home/cube-petit/ros/install/spatio_temporal_voxel_layer:/home/cube-petit/ros/install/cube_petit_text_to_speech:/home/cube-petit/ros/install/cube_petit_speech_to_text:/home/cube-petit/ros/install/sbgisen_msgs:/home/cube-petit/ros/install/sbgisen_gazebo_plugins:/home/cube-petit/ros/install/sbgisen_docking_plugin:/home/cube-petit/ros/install/ros2_socketcan_msgs:/home/cube-petit/ros/install/cube_server:/home/cube-petit/ros/install/robot_pose_publisher_ros2:/home/cube-petit/ros/install/perception_pcl:/home/cube-petit/ros/install/ira_laser_tools:/home/cube-petit/ros/install/cube_petit_gazebo:/home/cube-petit/ros/install/pcl_ros:/home/cube-petit/ros/install/pcl_conversions:/home/cube-petit/ros/install/openvdb_vendor:/home/cube-petit/ros/install/multi_hc_sr04:/home/cube-petit/ros/install/mpu6050_serial_to_imu:/home/cube-petit/ros/install/lh_laser_driver:/home/cube-petit/ros/install/ldlidar_stl_ros2:/home/cube-petit/ros/install/kinect2_bridge:/home/cube-petit/ros/install/kinect2_registration:/home/cube-petit/ros/install/imu_filter_tools:/home/cube-petit/ros/install/imu_drift_correction:/home/cube-petit/ros/install/hins_driver_laser:/home/cube-petit/ros/install/dji_ros_controller:/home/cube-petit/ros/install/depthai-ros:/home/cube-petit/ros/install/depthai_ros_driver:/home/cube-petit/ros/install/depthai_filters:/home/cube-petit/ros/install/depthai_examples:/home/cube-petit/ros/install/depthai_bridge:/home/cube-petit/ros/install/depthai_ros_msgs:/home/cube-petit/ros/install/depthai_hand_tracker:/home/cube-petit/ros/install/depthai_descriptions:/home/cube-petit/ros/install/cube_teleop:/home/cube-petit/ros/install/cube_petit_ros:/home/cube-petit/ros/install/cube_petit_hardware_interface:/home/cube-petit/ros/install/cube_petit_facial_animation:/home/cube-petit/ros/install/cube_petit_description:/home/cube-petit/ros/install/cube_speech:/home/cube-petit/ros/install/cube_diagnostic:/opt/ros/humble:/home/cube-petit/ros/install/cube_petit_bringup:/home/cube-petit/ros/install/cube_expression:/home/cube-petit/ros/install/cube_description:/home/cube-petit/ros/install/brass_gazebo_battery:/home/cube-petit/ros/install/akulidar_ros /usr/bin/cmake /home/cube-petit/ros/src/cube_petit_ros/cube_petit_speech_to_text -DCMAKE_INSTALL_PREFIX=/home/cube-petit/ros/src/cube_petit_ros/install/cube_petit_speech_to_text[0m
[2.512s] [34mcolcon.colcon_core.event_handler.log_command[0m [1;30mDEBUG[0m [32mInvoking command in '/home/cube-petit/ros/src/cube_petit_ros/build/cube_petit_speech_to_text': CMAKE_PREFIX_PATH=/home/cube-petit/ros/install/vesc:/home/cube-petit/ros/install/cube:/home/cube-petit/ros/install/cube_gazebo:/home/cube-petit/ros/install/cube_bringup:/home/cube-petit/ros/install/cube_hw_interface:/home/cube-petit/ros/install/vesc_hw_interface:/home/cube-petit/ros/install/vesc_driver:/home/cube-petit/ros/install/vesc_msgs:/home/cube-petit/ros/install/cube_navigation:/home/cube-petit/ros/install/spatio_temporal_voxel_layer:/home/cube-petit/ros/install/cube_petit_text_to_speech:/home/cube-petit/ros/install/cube_petit_speech_to_text:/home/cube-petit/ros/install/sbgisen_msgs:/home/cube-petit/ros/install/sbgisen_gazebo_plugins:/home/cube-petit/ros/install/sbgisen_docking_plugin:/home/cube-petit/ros/install/ros2_socketcan_msgs:/home/cube-petit/ros/install/cube_server:/home/cube-petit/ros/install/robot_pose_publisher_ros2:/home/cube-petit/ros/install/perception_pcl:/home/cube-petit/ros/install/ira_laser_tools:/home/cube-petit/ros/install/cube_petit_gazebo:/home/cube-petit/ros/install/pcl_ros:/home/cube-petit/ros/install/pcl_conversions:/home/cube-petit/ros/install/openvdb_vendor:/home/cube-petit/ros/install/multi_hc_sr04:/home/cube-petit/ros/install/mpu6050_serial_to_imu:/home/cube-petit/ros/install/lh_laser_driver:/home/cube-petit/ros/install/ldlidar_stl_ros2:/home/cube-petit/ros/install/kinect2_bridge:/home/cube-petit/ros/install/kinect2_registration:/home/cube-petit/ros/install/imu_filter_tools:/home/cube-petit/ros/install/imu_drift_correction:/home/cube-petit/ros/install/hins_driver_laser:/home/cube-petit/ros/install/dji_ros_controller:/home/cube-petit/ros/install/depthai-ros:/home/cube-petit/ros/install/depthai_ros_driver:/home/cube-petit/ros/install/depthai_filters:/home/cube-petit/ros/install/depthai_examples:/home/cube-petit/ros/install/depthai_bridge:/home/cube-petit/ros/install/depthai_ros_msgs:/home/cube-petit/ros/install/depthai_hand_tracker:/home/cube-petit/ros/install/depthai_descriptions:/home/cube-petit/ros/install/cube_teleop:/home/cube-petit/ros/install/cube_petit_ros:/home/cube-petit/ros/install/cube_petit_hardware_interface:/home/cube-petit/ros/install/cube_petit_facial_animation:/home/cube-petit/ros/install/cube_petit_description:/home/cube-petit/ros/install/cube_speech:/home/cube-petit/ros/install/cube_diagnostic:/opt/ros/humble:/home/cube-petit/ros/install/cube_petit_bringup:/home/cube-petit/ros/install/cube_expression:/home/cube-petit/ros/install/cube_description:/home/cube-petit/ros/install/brass_gazebo_battery:/home/cube-petit/ros/install/akulidar_ros /usr/bin/cmake --build /home/cube-petit/ros/src/cube_petit_ros/build/cube_petit_speech_to_text -- -j16 -l16[0m
[2.541s] [34mcolcon.colcon_core.event_handler.log_command[0m [1;30mDEBUG[0m [32mInvoking command in '/home/cube-petit/ros/src/cube_petit_ros/build/cube_petit_bringup': CMAKE_PREFIX_PATH=/home/cube-petit/ros/install/vesc:/home/cube-petit/ros/install/cube:/home/cube-petit/ros/install/cube_gazebo:/home/cube-petit/ros/install/cube_bringup:/home/cube-petit/ros/install/cube_hw_interface:/home/cube-petit/ros/install/vesc_hw_interface:/home/cube-petit/ros/install/vesc_driver:/home/cube-petit/ros/install/vesc_msgs:/home/cube-petit/ros/install/cube_navigation:/home/cube-petit/ros/install/spatio_temporal_voxel_layer:/home/cube-petit/ros/install/cube_petit_text_to_speech:/home/cube-petit/ros/install/cube_petit_speech_to_text:/home/cube-petit/ros/install/sbgisen_msgs:/home/cube-petit/ros/install/sbgisen_gazebo_plugins:/home/cube-petit/ros/install/sbgisen_docking_plugin:/home/cube-petit/ros/install/ros2_socketcan_msgs:/home/cube-petit/ros/install/cube_server:/home/cube-petit/ros/install/robot_pose_publisher_ros2:/home/cube-petit/ros/install/perception_pcl:/home/cube-petit/ros/install/ira_laser_tools:/home/cube-petit/ros/install/cube_petit_gazebo:/home/cube-petit/ros/install/pcl_ros:/home/cube-petit/ros/install/pcl_conversions:/home/cube-petit/ros/install/openvdb_vendor:/home/cube-petit/ros/install/multi_hc_sr04:/home/cube-petit/ros/install/mpu6050_serial_to_imu:/home/cube-petit/ros/install/lh_laser_driver:/home/cube-petit/ros/install/ldlidar_stl_ros2:/home/cube-petit/ros/install/kinect2_bridge:/home/cube-petit/ros/install/kinect2_registration:/home/cube-petit/ros/install/imu_filter_tools:/home/cube-petit/ros/install/imu_drift_correction:/home/cube-petit/ros/install/hins_driver_laser:/home/cube-petit/ros/install/dji_ros_controller:/home/cube-petit/ros/install/depthai-ros:/home/cube-petit/ros/install/depthai_ros_driver:/home/cube-petit/ros/install/depthai_filters:/home/cube-petit/ros/install/depthai_examples:/home/cube-petit/ros/install/depthai_bridge:/home/cube-petit/ros/install/depthai_ros_msgs:/home/cube-petit/ros/install/depthai_hand_tracker:/home/cube-petit/ros/install/depthai_descriptions:/home/cube-petit/ros/install/cube_teleop:/home/cube-petit/ros/install/cube_petit_ros:/home/cube-petit/ros/install/cube_petit_hardware_interface:/home/cube-petit/ros/install/cube_petit_facial_animation:/home/cube-petit/ros/install/cube_petit_description:/home/cube-petit/ros/install/cube_speech:/home/cube-petit/ros/install/cube_diagnostic:/opt/ros/humble:/home/cube-petit/ros/install/cube_petit_bringup:/home/cube-petit/ros/install/cube_expression:/home/cube-petit/ros/install/cube_description:/home/cube-petit/ros/install/brass_gazebo_battery:/home/cube-petit/ros/install/akulidar_ros /usr/bin/cmake --install /home/cube-petit/ros/src/cube_petit_ros/build/cube_petit_bringup[0m
[2.543s] [34mcolcon.colcon_core.environment[0m [1;30mLevel 1[0m create_environment_scripts_only(cube_petit_facial_animation)
[2.543s] [34mcolcon.colcon_core.environment[0m [1;30mLevel 1[0m checking '/home/cube-petit/ros/src/cube_petit_ros/install/cube_petit_facial_animation' for CMake module files
[2.543s] [34mcolcon.colcon_core.environment[0m [1;30mLevel 1[0m checking '/home/cube-petit/ros/src/cube_petit_ros/install/cube_petit_facial_animation' for CMake config files
[2.543s] [34mcolcon.colcon_core.shell[0m [1;30mLevel 1[0m create_environment_hook('cube_petit_facial_animation', 'cmake_prefix_path')
[2.543s] [34mcolcon.colcon_core.shell[0m [1;30mINFO[0m Creating environment hook '/home/cube-petit/ros/src/cube_petit_ros/install/cube_petit_facial_animation/share/cube_petit_facial_animation/hook/cmake_prefix_path.ps1'
[2.544s] [34mcolcon.colcon_core.shell[0m [1;30mINFO[0m Creating environment descriptor '/home/cube-petit/ros/src/cube_petit_ros/install/cube_petit_facial_animation/share/cube_petit_facial_animation/hook/cmake_prefix_path.dsv'
[2.544s] [34mcolcon.colcon_core.shell[0m [1;30mINFO[0m Creating environment hook '/home/cube-petit/ros/src/cube_petit_ros/install/cube_petit_facial_animation/share/cube_petit_facial_animation/hook/cmake_prefix_path.sh'
[2.545s] [34mcolcon.colcon_core.environment[0m [1;30mLevel 1[0m checking '/home/cube-petit/ros/src/cube_petit_ros/install/cube_petit_facial_animation/lib'
[2.545s] [34mcolcon.colcon_core.environment[0m [1;30mLevel 1[0m checking '/home/cube-petit/ros/src/cube_petit_ros/install/cube_petit_facial_animation/bin'
[2.545s] [34mcolcon.colcon_core.environment[0m [1;30mLevel 1[0m checking '/home/cube-petit/ros/src/cube_petit_ros/install/cube_petit_facial_animation/lib/pkgconfig/cube_petit_facial_animation.pc'
[2.545s] [34mcolcon.colcon_core.environment[0m [1;30mLevel 1[0m checking '/home/cube-petit/ros/src/cube_petit_ros/install/cube_petit_facial_animation/lib/python3.10/site-packages'
[2.545s] [34mcolcon.colcon_core.environment[0m [1;30mLevel 1[0m checking '/home/cube-petit/ros/src/cube_petit_ros/install/cube_petit_facial_animation/bin'
[2.545s] [34mcolcon.colcon_core.shell[0m [1;30mINFO[0m Creating package script '/home/cube-petit/ros/src/cube_petit_ros/install/cube_petit_facial_animation/share/cube_petit_facial_animation/package.ps1'
[2.545s] [34mcolcon.colcon_core.shell[0m [1;30mINFO[0m Creating package descriptor '/home/cube-petit/ros/src/cube_petit_ros/install/cube_petit_facial_animation/share/cube_petit_facial_animation/package.dsv'
[2.546s] [34mcolcon.colcon_core.shell[0m [1;30mINFO[0m Creating package script '/home/cube-petit/ros/src/cube_petit_ros/install/cube_petit_facial_animation/share/cube_petit_facial_animation/package.sh'
[2.546s] [34mcolcon.colcon_core.shell[0m [1;30mINFO[0m Creating package script '/home/cube-petit/ros/src/cube_petit_ros/install/cube_petit_facial_animation/share/cube_petit_facial_animation/package.bash'
[2.546s] [34mcolcon.colcon_core.shell[0m [1;30mINFO[0m Creating package script '/home/cube-petit/ros/src/cube_petit_ros/install/cube_petit_facial_animation/share/cube_petit_facial_animation/package.zsh'
[2.547s] [34mcolcon.colcon_core.environment[0m [1;30mLevel 1[0m create_file_with_runtime_dependencies(/home/cube-petit/ros/src/cube_petit_ros/install/cube_petit_facial_animation/share/colcon-core/packages/cube_petit_facial_animation)
[2.558s] [34mcolcon.colcon_core.event_handler.log_command[0m [1;30mDEBUG[0m [32mInvoked command in '/home/cube-petit/ros/src/cube_petit_ros/build/cube_petit_text_to_speech' returned '0': CMAKE_PREFIX_PATH=/home/cube-petit/ros/install/vesc:/home/cube-petit/ros/install/cube:/home/cube-petit/ros/install/cube_gazebo:/home/cube-petit/ros/install/cube_bringup:/home/cube-petit/ros/install/cube_hw_interface:/home/cube-petit/ros/install/vesc_hw_interface:/home/cube-petit/ros/install/vesc_driver:/home/cube-petit/ros/install/vesc_msgs:/home/cube-petit/ros/install/cube_navigation:/home/cube-petit/ros/install/spatio_temporal_voxel_layer:/home/cube-petit/ros/install/cube_petit_text_to_speech:/home/cube-petit/ros/install/cube_petit_speech_to_text:/home/cube-petit/ros/install/sbgisen_msgs:/home/cube-petit/ros/install/sbgisen_gazebo_plugins:/home/cube-petit/ros/install/sbgisen_docking_plugin:/home/cube-petit/ros/install/ros2_socketcan_msgs:/home/cube-petit/ros/install/cube_server:/home/cube-petit/ros/install/robot_pose_publisher_ros2:/home/cube-petit/ros/install/perception_pcl:/home/cube-petit/ros/install/ira_laser_tools:/home/cube-petit/ros/install/cube_petit_gazebo:/home/cube-petit/ros/install/pcl_ros:/home/cube-petit/ros/install/pcl_conversions:/home/cube-petit/ros/install/openvdb_vendor:/home/cube-petit/ros/install/multi_hc_sr04:/home/cube-petit/ros/install/mpu6050_serial_to_imu:/home/cube-petit/ros/install/lh_laser_driver:/home/cube-petit/ros/install/ldlidar_stl_ros2:/home/cube-petit/ros/install/kinect2_bridge:/home/cube-petit/ros/install/kinect2_registration:/home/cube-petit/ros/install/imu_filter_tools:/home/cube-petit/ros/install/imu_drift_correction:/home/cube-petit/ros/install/hins_driver_laser:/home/cube-petit/ros/install/dji_ros_controller:/home/cube-petit/ros/install/depthai-ros:/home/cube-petit/ros/install/depthai_ros_driver:/home/cube-petit/ros/install/depthai_filters:/home/cube-petit/ros/install/depthai_examples:/home/cube-petit/ros/install/depthai_bridge:/home/cube-petit/ros/install/depthai_ros_msgs:/home/cube-petit/ros/install/depthai_hand_tracker:/home/cube-petit/ros/install/depthai_descriptions:/home/cube-petit/ros/install/cube_teleop:/home/cube-petit/ros/install/cube_petit_ros:/home/cube-petit/ros/install/cube_petit_hardware_interface:/home/cube-petit/ros/install/cube_petit_facial_animation:/home/cube-petit/ros/install/cube_petit_description:/home/cube-petit/ros/install/cube_speech:/home/cube-petit/ros/install/cube_diagnostic:/opt/ros/humble:/home/cube-petit/ros/install/cube_petit_bringup:/home/cube-petit/ros/install/cube_expression:/home/cube-petit/ros/install/cube_description:/home/cube-petit/ros/install/brass_gazebo_battery:/home/cube-petit/ros/install/akulidar_ros /usr/bin/cmake --build /home/cube-petit/ros/src/cube_petit_ros/build/cube_petit_text_to_speech -- -j16 -l16[0m
[2.560s] [34mcolcon.colcon_core.environment[0m [1;30mLevel 1[0m create_environment_scripts_only(cube_petit_bringup)
[2.561s] [34mcolcon.colcon_core.environment[0m [1;30mLevel 1[0m checking '/home/cube-petit/ros/src/cube_petit_ros/install/cube_petit_bringup' for CMake module files
[2.561s] [34mcolcon.colcon_core.event_handler.log_command[0m [1;30mDEBUG[0m [32mInvoked command in '/home/cube-petit/ros/src/cube_petit_ros/build/cube_petit_bringup' returned '0': CMAKE_PREFIX_PATH=/home/cube-petit/ros/install/vesc:/home/cube-petit/ros/install/cube:/home/cube-petit/ros/install/cube_gazebo:/home/cube-petit/ros/install/cube_bringup:/home/cube-petit/ros/install/cube_hw_interface:/home/cube-petit/ros/install/vesc_hw_interface:/home/cube-petit/ros/install/vesc_driver:/home/cube-petit/ros/install/vesc_msgs:/home/cube-petit/ros/install/cube_navigation:/home/cube-petit/ros/install/spatio_temporal_voxel_layer:/home/cube-petit/ros/install/cube_petit_text_to_speech:/home/cube-petit/ros/install/cube_petit_speech_to_text:/home/cube-petit/ros/install/sbgisen_msgs:/home/cube-petit/ros/install/sbgisen_gazebo_plugins:/home/cube-petit/ros/install/sbgisen_docking_plugin:/home/cube-petit/ros/install/ros2_socketcan_msgs:/home/cube-petit/ros/install/cube_server:/home/cube-petit/ros/install/robot_pose_publisher_ros2:/home/cube-petit/ros/install/perception_pcl:/home/cube-petit/ros/install/ira_laser_tools:/home/cube-petit/ros/install/cube_petit_gazebo:/home/cube-petit/ros/install/pcl_ros:/home/cube-petit/ros/install/pcl_conversions:/home/cube-petit/ros/install/openvdb_vendor:/home/cube-petit/ros/install/multi_hc_sr04:/home/cube-petit/ros/install/mpu6050_serial_to_imu:/home/cube-petit/ros/install/lh_laser_driver:/home/cube-petit/ros/install/ldlidar_stl_ros2:/home/cube-petit/ros/install/kinect2_bridge:/home/cube-petit/ros/install/kinect2_registration:/home/cube-petit/ros/install/imu_filter_tools:/home/cube-petit/ros/install/imu_drift_correction:/home/cube-petit/ros/install/hins_driver_laser:/home/cube-petit/ros/install/dji_ros_controller:/home/cube-petit/ros/install/depthai-ros:/home/cube-petit/ros/install/depthai_ros_driver:/home/cube-petit/ros/install/depthai_filters:/home/cube-petit/ros/install/depthai_examples:/home/cube-petit/ros/install/depthai_bridge:/home/cube-petit/ros/install/depthai_ros_msgs:/home/cube-petit/ros/install/depthai_hand_tracker:/home/cube-petit/ros/install/depthai_descriptions:/home/cube-petit/ros/install/cube_teleop:/home/cube-petit/ros/install/cube_petit_ros:/home/cube-petit/ros/install/cube_petit_hardware_interface:/home/cube-petit/ros/install/cube_petit_facial_animation:/home/cube-petit/ros/install/cube_petit_description:/home/cube-petit/ros/install/cube_speech:/home/cube-petit/ros/install/cube_diagnostic:/opt/ros/humble:/home/cube-petit/ros/install/cube_petit_bringup:/home/cube-petit/ros/install/cube_expression:/home/cube-petit/ros/install/cube_description:/home/cube-petit/ros/install/brass_gazebo_battery:/home/cube-petit/ros/install/akulidar_ros /usr/bin/cmake --install /home/cube-petit/ros/src/cube_petit_ros/build/cube_petit_bringup[0m
[2.562s] [34mcolcon.colcon_core.environment[0m [1;30mLevel 1[0m checking '/home/cube-petit/ros/src/cube_petit_ros/install/cube_petit_bringup' for CMake config files
[2.562s] [34mcolcon.colcon_core.shell[0m [1;30mLevel 1[0m create_environment_hook('cube_petit_bringup', 'cmake_prefix_path')
[2.562s] [34mcolcon.colcon_core.shell[0m [1;30mINFO[0m Creating environment hook '/home/cube-petit/ros/src/cube_petit_ros/install/cube_petit_bringup/share/cube_petit_bringup/hook/cmake_prefix_path.ps1'
[2.563s] [34mcolcon.colcon_core.shell[0m [1;30mINFO[0m Creating environment descriptor '/home/cube-petit/ros/src/cube_petit_ros/install/cube_petit_bringup/share/cube_petit_bringup/hook/cmake_prefix_path.dsv'
[2.563s] [34mcolcon.colcon_core.shell[0m [1;30mINFO[0m Creating environment hook '/home/cube-petit/ros/src/cube_petit_ros/install/cube_petit_bringup/share/cube_petit_bringup/hook/cmake_prefix_path.sh'
[2.563s] [34mcolcon.colcon_core.environment[0m [1;30mLevel 1[0m checking '/home/cube-petit/ros/src/cube_petit_ros/install/cube_petit_bringup/lib'
[2.563s] [34mcolcon.colcon_core.environment[0m [1;30mLevel 1[0m checking '/home/cube-petit/ros/src/cube_petit_ros/install/cube_petit_bringup/bin'
[2.563s] [34mcolcon.colcon_core.environment[0m [1;30mLevel 1[0m checking '/home/cube-petit/ros/src/cube_petit_ros/install/cube_petit_bringup/lib/pkgconfig/cube_petit_bringup.pc'
[2.564s] [34mcolcon.colcon_core.environment[0m [1;30mLevel 1[0m checking '/home/cube-petit/ros/src/cube_petit_ros/install/cube_petit_bringup/lib/python3.10/site-packages'
[2.564s] [34mcolcon.colcon_core.environment[0m [1;30mLevel 1[0m checking '/home/cube-petit/ros/src/cube_petit_ros/install/cube_petit_bringup/bin'
[2.564s] [34mcolcon.colcon_core.shell[0m [1;30mINFO[0m Creating package script '/home/cube-petit/ros/src/cube_petit_ros/install/cube_petit_bringup/share/cube_petit_bringup/package.ps1'
[2.564s] [34mcolcon.colcon_core.shell[0m [1;30mINFO[0m Creating package descriptor '/home/cube-petit/ros/src/cube_petit_ros/install/cube_petit_bringup/share/cube_petit_bringup/package.dsv'
[2.565s] [34mcolcon.colcon_core.shell[0m [1;30mINFO[0m Creating package script '/home/cube-petit/ros/src/cube_petit_ros/install/cube_petit_bringup/share/cube_petit_bringup/package.sh'
[2.565s] [34mcolcon.colcon_core.shell[0m [1;30mINFO[0m Creating package script '/home/cube-petit/ros/src/cube_petit_ros/install/cube_petit_bringup/share/cube_petit_bringup/package.bash'
[2.565s] [34mcolcon.colcon_core.shell[0m [1;30mINFO[0m Creating package script '/home/cube-petit/ros/src/cube_petit_ros/install/cube_petit_bringup/share/cube_petit_bringup/package.zsh'
[2.565s] [34mcolcon.colcon_core.environment[0m [1;30mLevel 1[0m create_file_with_runtime_dependencies(/home/cube-petit/ros/src/cube_petit_ros/install/cube_petit_bringup/share/colcon-core/packages/cube_petit_bringup)
[2.568s] [34mcolcon.colcon_core.event_handler.log_command[0m [1;30mDEBUG[0m [32mInvoked command in '/home/cube-petit/ros/src/cube_petit_ros/build/cube_petit_speech_to_text' returned '0': CMAKE_PREFIX_PATH=/home/cube-petit/ros/install/vesc:/home/cube-petit/ros/install/cube:/home/cube-petit/ros/install/cube_gazebo:/home/cube-petit/ros/install/cube_bringup:/home/cube-petit/ros/install/cube_hw_interface:/home/cube-petit/ros/install/vesc_hw_interface:/home/cube-petit/ros/install/vesc_driver:/home/cube-petit/ros/install/vesc_msgs:/home/cube-petit/ros/install/cube_navigation:/home/cube-petit/ros/install/spatio_temporal_voxel_layer:/home/cube-petit/ros/install/cube_petit_text_to_speech:/home/cube-petit/ros/install/cube_petit_speech_to_text:/home/cube-petit/ros/install/sbgisen_msgs:/home/cube-petit/ros/install/sbgisen_gazebo_plugins:/home/cube-petit/ros/install/sbgisen_docking_plugin:/home/cube-petit/ros/install/ros2_socketcan_msgs:/home/cube-petit/ros/install/cube_server:/home/cube-petit/ros/install/robot_pose_publisher_ros2:/home/cube-petit/ros/install/perception_pcl:/home/cube-petit/ros/install/ira_laser_tools:/home/cube-petit/ros/install/cube_petit_gazebo:/home/cube-petit/ros/install/pcl_ros:/home/cube-petit/ros/install/pcl_conversions:/home/cube-petit/ros/install/openvdb_vendor:/home/cube-petit/ros/install/multi_hc_sr04:/home/cube-petit/ros/install/mpu6050_serial_to_imu:/home/cube-petit/ros/install/lh_laser_driver:/home/cube-petit/ros/install/ldlidar_stl_ros2:/home/cube-petit/ros/install/kinect2_bridge:/home/cube-petit/ros/install/kinect2_registration:/home/cube-petit/ros/install/imu_filter_tools:/home/cube-petit/ros/install/imu_drift_correction:/home/cube-petit/ros/install/hins_driver_laser:/home/cube-petit/ros/install/dji_ros_controller:/home/cube-petit/ros/install/depthai-ros:/home/cube-petit/ros/install/depthai_ros_driver:/home/cube-petit/ros/install/depthai_filters:/home/cube-petit/ros/install/depthai_examples:/home/cube-petit/ros/install/depthai_bridge:/home/cube-petit/ros/install/depthai_ros_msgs:/home/cube-petit/ros/install/depthai_hand_tracker:/home/cube-petit/ros/install/depthai_descriptions:/home/cube-petit/ros/install/cube_teleop:/home/cube-petit/ros/install/cube_petit_ros:/home/cube-petit/ros/install/cube_petit_hardware_interface:/home/cube-petit/ros/install/cube_petit_facial_animation:/home/cube-petit/ros/install/cube_petit_description:/home/cube-petit/ros/install/cube_speech:/home/cube-petit/ros/install/cube_diagnostic:/opt/ros/humble:/home/cube-petit/ros/install/cube_petit_bringup:/home/cube-petit/ros/install/cube_expression:/home/cube-petit/ros/install/cube_description:/home/cube-petit/ros/install/brass_gazebo_battery:/home/cube-petit/ros/install/akulidar_ros /usr/bin/cmake --build /home/cube-petit/ros/src/cube_petit_ros/build/cube_petit_speech_to_text -- -j16 -l16[0m
[2.596s] [34mcolcon.colcon_core.event_handler.log_command[0m [1;30mDEBUG[0m [32mInvoking command in '/home/cube-petit/ros/src/cube_petit_ros/build/cube_petit_text_to_speech': CMAKE_PREFIX_PATH=/home/cube-petit/ros/install/vesc:/home/cube-petit/ros/install/cube:/home/cube-petit/ros/install/cube_gazebo:/home/cube-petit/ros/install/cube_bringup:/home/cube-petit/ros/install/cube_hw_interface:/home/cube-petit/ros/install/vesc_hw_interface:/home/cube-petit/ros/install/vesc_driver:/home/cube-petit/ros/install/vesc_msgs:/home/cube-petit/ros/install/cube_navigation:/home/cube-petit/ros/install/spatio_temporal_voxel_layer:/home/cube-petit/ros/install/cube_petit_text_to_speech:/home/cube-petit/ros/install/cube_petit_speech_to_text:/home/cube-petit/ros/install/sbgisen_msgs:/home/cube-petit/ros/install/sbgisen_gazebo_plugins:/home/cube-petit/ros/install/sbgisen_docking_plugin:/home/cube-petit/ros/install/ros2_socketcan_msgs:/home/cube-petit/ros/install/cube_server:/home/cube-petit/ros/install/robot_pose_publisher_ros2:/home/cube-petit/ros/install/perception_pcl:/home/cube-petit/ros/install/ira_laser_tools:/home/cube-petit/ros/install/cube_petit_gazebo:/home/cube-petit/ros/install/pcl_ros:/home/cube-petit/ros/install/pcl_conversions:/home/cube-petit/ros/install/openvdb_vendor:/home/cube-petit/ros/install/multi_hc_sr04:/home/cube-petit/ros/install/mpu6050_serial_to_imu:/home/cube-petit/ros/install/lh_laser_driver:/home/cube-petit/ros/install/ldlidar_stl_ros2:/home/cube-petit/ros/install/kinect2_bridge:/home/cube-petit/ros/install/kinect2_registration:/home/cube-petit/ros/install/imu_filter_tools:/home/cube-petit/ros/install/imu_drift_correction:/home/cube-petit/ros/install/hins_driver_laser:/home/cube-petit/ros/install/dji_ros_controller:/home/cube-petit/ros/install/depthai-ros:/home/cube-petit/ros/install/depthai_ros_driver:/home/cube-petit/ros/install/depthai_filters:/home/cube-petit/ros/install/depthai_examples:/home/cube-petit/ros/install/depthai_bridge:/home/cube-petit/ros/install/depthai_ros_msgs:/home/cube-petit/ros/install/depthai_hand_tracker:/home/cube-petit/ros/install/depthai_descriptions:/home/cube-petit/ros/install/cube_teleop:/home/cube-petit/ros/install/cube_petit_ros:/home/cube-petit/ros/install/cube_petit_hardware_interface:/home/cube-petit/ros/install/cube_petit_facial_animation:/home/cube-petit/ros/install/cube_petit_description:/home/cube-petit/ros/install/cube_speech:/home/cube-petit/ros/install/cube_diagnostic:/opt/ros/humble:/home/cube-petit/ros/install/cube_petit_bringup:/home/cube-petit/ros/install/cube_expression:/home/cube-petit/ros/install/cube_description:/home/cube-petit/ros/install/brass_gazebo_battery:/home/cube-petit/ros/install/akulidar_ros /usr/bin/cmake --install /home/cube-petit/ros/src/cube_petit_ros/build/cube_petit_text_to_speech[0m
[2.600s] [34mcolcon.colcon_core.event_handler.log_command[0m [1;30mDEBUG[0m [32mInvoking command in '/home/cube-petit/ros/src/cube_petit_ros/build/cube_petit_speech_to_text': CMAKE_PREFIX_PATH=/home/cube-petit/ros/install/vesc:/home/cube-petit/ros/install/cube:/home/cube-petit/ros/install/cube_gazebo:/home/cube-petit/ros/install/cube_bringup:/home/cube-petit/ros/install/cube_hw_interface:/home/cube-petit/ros/install/vesc_hw_interface:/home/cube-petit/ros/install/vesc_driver:/home/cube-petit/ros/install/vesc_msgs:/home/cube-petit/ros/install/cube_navigation:/home/cube-petit/ros/install/spatio_temporal_voxel_layer:/home/cube-petit/ros/install/cube_petit_text_to_speech:/home/cube-petit/ros/install/cube_petit_speech_to_text:/home/cube-petit/ros/install/sbgisen_msgs:/home/cube-petit/ros/install/sbgisen_gazebo_plugins:/home/cube-petit/ros/install/sbgisen_docking_plugin:/home/cube-petit/ros/install/ros2_socketcan_msgs:/home/cube-petit/ros/install/cube_server:/home/cube-petit/ros/install/robot_pose_publisher_ros2:/home/cube-petit/ros/install/perception_pcl:/home/cube-petit/ros/install/ira_laser_tools:/home/cube-petit/ros/install/cube_petit_gazebo:/home/cube-petit/ros/install/pcl_ros:/home/cube-petit/ros/install/pcl_conversions:/home/cube-petit/ros/install/openvdb_vendor:/home/cube-petit/ros/install/multi_hc_sr04:/home/cube-petit/ros/install/mpu6050_serial_to_imu:/home/cube-petit/ros/install/lh_laser_driver:/home/cube-petit/ros/install/ldlidar_stl_ros2:/home/cube-petit/ros/install/kinect2_bridge:/home/cube-petit/ros/install/kinect2_registration:/home/cube-petit/ros/install/imu_filter_tools:/home/cube-petit/ros/install/imu_drift_correction:/home/cube-petit/ros/install/hins_driver_laser:/home/cube-petit/ros/install/dji_ros_controller:/home/cube-petit/ros/install/depthai-ros:/home/cube-petit/ros/install/depthai_ros_driver:/home/cube-petit/ros/install/depthai_filters:/home/cube-petit/ros/install/depthai_examples:/home/cube-petit/ros/install/depthai_bridge:/home/cube-petit/ros/install/depthai_ros_msgs:/home/cube-petit/ros/install/depthai_hand_tracker:/home/cube-petit/ros/install/depthai_descriptions:/home/cube-petit/ros/install/cube_teleop:/home/cube-petit/ros/install/cube_petit_ros:/home/cube-petit/ros/install/cube_petit_hardware_interface:/home/cube-petit/ros/install/cube_petit_facial_animation:/home/cube-petit/ros/install/cube_petit_description:/home/cube-petit/ros/install/cube_speech:/home/cube-petit/ros/install/cube_diagnostic:/opt/ros/humble:/home/cube-petit/ros/install/cube_petit_bringup:/home/cube-petit/ros/install/cube_expression:/home/cube-petit/ros/install/cube_description:/home/cube-petit/ros/install/brass_gazebo_battery:/home/cube-petit/ros/install/akulidar_ros /usr/bin/cmake --install /home/cube-petit/ros/src/cube_petit_ros/build/cube_petit_speech_to_text[0m
[2.600s] [34mcolcon.colcon_core.environment[0m [1;30mLevel 1[0m create_environment_scripts_only(cube_petit_bringup)
[2.600s] [34mcolcon.colcon_core.environment[0m [1;30mLevel 1[0m checking '/home/cube-petit/ros/src/cube_petit_ros/install/cube_petit_bringup' for CMake module files
[2.601s] [34mcolcon.colcon_core.environment[0m [1;30mLevel 1[0m checking '/home/cube-petit/ros/src/cube_petit_ros/install/cube_petit_bringup' for CMake config files
[2.601s] [34mcolcon.colcon_core.shell[0m [1;30mLevel 1[0m create_environment_hook('cube_petit_bringup', 'cmake_prefix_path')
[2.601s] [34mcolcon.colcon_core.shell[0m [1;30mINFO[0m Creating environment hook '/home/cube-petit/ros/src/cube_petit_ros/install/cube_petit_bringup/share/cube_petit_bringup/hook/cmake_prefix_path.ps1'
[2.601s] [34mcolcon.colcon_core.shell[0m [1;30mINFO[0m Creating environment descriptor '/home/cube-petit/ros/src/cube_petit_ros/install/cube_petit_bringup/share/cube_petit_bringup/hook/cmake_prefix_path.dsv'
[2.602s] [34mcolcon.colcon_core.shell[0m [1;30mINFO[0m Creating environment hook '/home/cube-petit/ros/src/cube_petit_ros/install/cube_petit_bringup/share/cube_petit_bringup/hook/cmake_prefix_path.sh'
[2.602s] [34mcolcon.colcon_core.environment[0m [1;30mLevel 1[0m checking '/home/cube-petit/ros/src/cube_petit_ros/install/cube_petit_bringup/lib'
[2.602s] [34mcolcon.colcon_core.environment[0m [1;30mLevel 1[0m checking '/home/cube-petit/ros/src/cube_petit_ros/install/cube_petit_bringup/bin'
[2.602s] [34mcolcon.colcon_core.environment[0m [1;30mLevel 1[0m checking '/home/cube-petit/ros/src/cube_petit_ros/install/cube_petit_bringup/lib/pkgconfig/cube_petit_bringup.pc'
[2.602s] [34mcolcon.colcon_core.environment[0m [1;30mLevel 1[0m checking '/home/cube-petit/ros/src/cube_petit_ros/install/cube_petit_bringup/lib/python3.10/site-packages'
[2.602s] [34mcolcon.colcon_core.environment[0m [1;30mLevel 1[0m checking '/home/cube-petit/ros/src/cube_petit_ros/install/cube_petit_bringup/bin'
[2.602s] [34mcolcon.colcon_core.shell[0m [1;30mINFO[0m Creating package script '/home/cube-petit/ros/src/cube_petit_ros/install/cube_petit_bringup/share/cube_petit_bringup/package.ps1'
[2.603s] [34mcolcon.colcon_core.shell[0m [1;30mINFO[0m Creating package descriptor '/home/cube-petit/ros/src/cube_petit_ros/install/cube_petit_bringup/share/cube_petit_bringup/package.dsv'
[2.603s] [34mcolcon.colcon_core.shell[0m [1;30mINFO[0m Creating package script '/home/cube-petit/ros/src/cube_petit_ros/install/cube_petit_bringup/share/cube_petit_bringup/package.sh'
[2.604s] [34mcolcon.colcon_core.shell[0m [1;30mINFO[0m Creating package script '/home/cube-petit/ros/src/cube_petit_ros/install/cube_petit_bringup/share/cube_petit_bringup/package.bash'
[2.604s] [34mcolcon.colcon_core.shell[0m [1;30mINFO[0m Creating package script '/home/cube-petit/ros/src/cube_petit_ros/install/cube_petit_bringup/share/cube_petit_bringup/package.zsh'
[2.604s] [34mcolcon.colcon_core.environment[0m [1;30mLevel 1[0m create_file_with_runtime_dependencies(/home/cube-petit/ros/src/cube_petit_ros/install/cube_petit_bringup/share/colcon-core/packages/cube_petit_bringup)
[2.610s] [34mcolcon.colcon_core.environment[0m [1;30mLevel 1[0m create_environment_scripts_only(cube_petit_text_to_speech)
[2.611s] [34mcolcon.colcon_core.environment[0m [1;30mLevel 1[0m checking '/home/cube-petit/ros/src/cube_petit_ros/install/cube_petit_text_to_speech' for CMake module files
[2.612s] [34mcolcon.colcon_core.event_handler.log_command[0m [1;30mDEBUG[0m [32mInvoked command in '/home/cube-petit/ros/src/cube_petit_ros/build/cube_petit_text_to_speech' returned '0': CMAKE_PREFIX_PATH=/home/cube-petit/ros/install/vesc:/home/cube-petit/ros/install/cube:/home/cube-petit/ros/install/cube_gazebo:/home/cube-petit/ros/install/cube_bringup:/home/cube-petit/ros/install/cube_hw_interface:/home/cube-petit/ros/install/vesc_hw_interface:/home/cube-petit/ros/install/vesc_driver:/home/cube-petit/ros/install/vesc_msgs:/home/cube-petit/ros/install/cube_navigation:/home/cube-petit/ros/install/spatio_temporal_voxel_layer:/home/cube-petit/ros/install/cube_petit_text_to_speech:/home/cube-petit/ros/install/cube_petit_speech_to_text:/home/cube-petit/ros/install/sbgisen_msgs:/home/cube-petit/ros/install/sbgisen_gazebo_plugins:/home/cube-petit/ros/install/sbgisen_docking_plugin:/home/cube-petit/ros/install/ros2_socketcan_msgs:/home/cube-petit/ros/install/cube_server:/home/cube-petit/ros/install/robot_pose_publisher_ros2:/home/cube-petit/ros/install/perception_pcl:/home/cube-petit/ros/install/ira_laser_tools:/home/cube-petit/ros/install/cube_petit_gazebo:/home/cube-petit/ros/install/pcl_ros:/home/cube-petit/ros/install/pcl_conversions:/home/cube-petit/ros/install/openvdb_vendor:/home/cube-petit/ros/install/multi_hc_sr04:/home/cube-petit/ros/install/mpu6050_serial_to_imu:/home/cube-petit/ros/install/lh_laser_driver:/home/cube-petit/ros/install/ldlidar_stl_ros2:/home/cube-petit/ros/install/kinect2_bridge:/home/cube-petit/ros/install/kinect2_registration:/home/cube-petit/ros/install/imu_filter_tools:/home/cube-petit/ros/install/imu_drift_correction:/home/cube-petit/ros/install/hins_driver_laser:/home/cube-petit/ros/install/dji_ros_controller:/home/cube-petit/ros/install/depthai-ros:/home/cube-petit/ros/install/depthai_ros_driver:/home/cube-petit/ros/install/depthai_filters:/home/cube-petit/ros/install/depthai_examples:/home/cube-petit/ros/install/depthai_bridge:/home/cube-petit/ros/install/depthai_ros_msgs:/home/cube-petit/ros/install/depthai_hand_tracker:/home/cube-petit/ros/install/depthai_descriptions:/home/cube-petit/ros/install/cube_teleop:/home/cube-petit/ros/install/cube_petit_ros:/home/cube-petit/ros/install/cube_petit_hardware_interface:/home/cube-petit/ros/install/cube_petit_facial_animation:/home/cube-petit/ros/install/cube_petit_description:/home/cube-petit/ros/install/cube_speech:/home/cube-petit/ros/install/cube_diagnostic:/opt/ros/humble:/home/cube-petit/ros/install/cube_petit_bringup:/home/cube-petit/ros/install/cube_expression:/home/cube-petit/ros/install/cube_description:/home/cube-petit/ros/install/brass_gazebo_battery:/home/cube-petit/ros/install/akulidar_ros /usr/bin/cmake --install /home/cube-petit/ros/src/cube_petit_ros/build/cube_petit_text_to_speech[0m
[2.612s] [34mcolcon.colcon_core.environment[0m [1;30mLevel 1[0m checking '/home/cube-petit/ros/src/cube_petit_ros/install/cube_petit_text_to_speech' for CMake config files
[2.613s] [34mcolcon.colcon_core.shell[0m [1;30mLevel 1[0m create_environment_hook('cube_petit_text_to_speech', 'cmake_prefix_path')
[2.614s] [34mcolcon.colcon_core.shell[0m [1;30mINFO[0m Creating environment hook '/home/cube-petit/ros/src/cube_petit_ros/install/cube_petit_text_to_speech/share/cube_petit_text_to_speech/hook/cmake_prefix_path.ps1'
[2.614s] [34mcolcon.colcon_core.shell[0m [1;30mINFO[0m Creating environment descriptor '/home/cube-petit/ros/src/cube_petit_ros/install/cube_petit_text_to_speech/share/cube_petit_text_to_speech/hook/cmake_prefix_path.dsv'
[2.614s] [34mcolcon.colcon_core.shell[0m [1;30mINFO[0m Creating environment hook '/home/cube-petit/ros/src/cube_petit_ros/install/cube_petit_text_to_speech/share/cube_petit_text_to_speech/hook/cmake_prefix_path.sh'
[2.615s] [34mcolcon.colcon_core.environment[0m [1;30mLevel 1[0m checking '/home/cube-petit/ros/src/cube_petit_ros/install/cube_petit_text_to_speech/lib'
[2.615s] [34mcolcon.colcon_core.environment[0m [1;30mLevel 1[0m checking '/home/cube-petit/ros/src/cube_petit_ros/install/cube_petit_text_to_speech/bin'
[2.615s] [34mcolcon.colcon_core.environment[0m [1;30mLevel 1[0m checking '/home/cube-petit/ros/src/cube_petit_ros/install/cube_petit_text_to_speech/lib/pkgconfig/cube_petit_text_to_speech.pc'
[2.615s] [34mcolcon.colcon_core.environment[0m [1;30mLevel 1[0m checking '/home/cube-petit/ros/src/cube_petit_ros/install/cube_petit_text_to_speech/lib/python3.10/site-packages'
[2.615s] [34mcolcon.colcon_core.environment[0m [1;30mLevel 1[0m checking '/home/cube-petit/ros/src/cube_petit_ros/install/cube_petit_text_to_speech/bin'
[2.616s] [34mcolcon.colcon_core.shell[0m [1;30mINFO[0m Creating package script '/home/cube-petit/ros/src/cube_petit_ros/install/cube_petit_text_to_speech/share/cube_petit_text_to_speech/package.ps1'
[2.616s] [34mcolcon.colcon_core.shell[0m [1;30mINFO[0m Creating package descriptor '/home/cube-petit/ros/src/cube_petit_ros/install/cube_petit_text_to_speech/share/cube_petit_text_to_speech/package.dsv'
[2.616s] [34mcolcon.colcon_core.shell[0m [1;30mINFO[0m Creating package script '/home/cube-petit/ros/src/cube_petit_ros/install/cube_petit_text_to_speech/share/cube_petit_text_to_speech/package.sh'
[2.617s] [34mcolcon.colcon_core.shell[0m [1;30mINFO[0m Creating package script '/home/cube-petit/ros/src/cube_petit_ros/install/cube_petit_text_to_speech/share/cube_petit_text_to_speech/package.bash'
[2.617s] [34mcolcon.colcon_core.shell[0m [1;30mINFO[0m Creating package script '/home/cube-petit/ros/src/cube_petit_ros/install/cube_petit_text_to_speech/share/cube_petit_text_to_speech/package.zsh'
[2.617s] [34mcolcon.colcon_core.environment[0m [1;30mLevel 1[0m create_file_with_runtime_dependencies(/home/cube-petit/ros/src/cube_petit_ros/install/cube_petit_text_to_speech/share/colcon-core/packages/cube_petit_text_to_speech)
[2.619s] [34mcolcon.colcon_core.environment[0m [1;30mLevel 1[0m create_environment_scripts_only(cube_petit_speech_to_text)
[2.619s] [34mcolcon.colcon_core.environment[0m [1;30mLevel 1[0m checking '/home/cube-petit/ros/src/cube_petit_ros/install/cube_petit_speech_to_text' for CMake module files
[2.620s] [34mcolcon.colcon_core.event_handler.log_command[0m [1;30mDEBUG[0m [32mInvoked command in '/home/cube-petit/ros/src/cube_petit_ros/build/cube_petit_speech_to_text' returned '0': CMAKE_PREFIX_PATH=/home/cube-petit/ros/install/vesc:/home/cube-petit/ros/install/cube:/home/cube-petit/ros/install/cube_gazebo:/home/cube-petit/ros/install/cube_bringup:/home/cube-petit/ros/install/cube_hw_interface:/home/cube-petit/ros/install/vesc_hw_interface:/home/cube-petit/ros/install/vesc_driver:/home/cube-petit/ros/install/vesc_msgs:/home/cube-petit/ros/install/cube_navigation:/home/cube-petit/ros/install/spatio_temporal_voxel_layer:/home/cube-petit/ros/install/cube_petit_text_to_speech:/home/cube-petit/ros/install/cube_petit_speech_to_text:/home/cube-petit/ros/install/sbgisen_msgs:/home/cube-petit/ros/install/sbgisen_gazebo_plugins:/home/cube-petit/ros/install/sbgisen_docking_plugin:/home/cube-petit/ros/install/ros2_socketcan_msgs:/home/cube-petit/ros/install/cube_server:/home/cube-petit/ros/install/robot_pose_publisher_ros2:/home/cube-petit/ros/install/perception_pcl:/home/cube-petit/ros/install/ira_laser_tools:/home/cube-petit/ros/install/cube_petit_gazebo:/home/cube-petit/ros/install/pcl_ros:/home/cube-petit/ros/install/pcl_conversions:/home/cube-petit/ros/install/openvdb_vendor:/home/cube-petit/ros/install/multi_hc_sr04:/home/cube-petit/ros/install/mpu6050_serial_to_imu:/home/cube-petit/ros/install/lh_laser_driver:/home/cube-petit/ros/install/ldlidar_stl_ros2:/home/cube-petit/ros/install/kinect2_bridge:/home/cube-petit/ros/install/kinect2_registration:/home/cube-petit/ros/install/imu_filter_tools:/home/cube-petit/ros/install/imu_drift_correction:/home/cube-petit/ros/install/hins_driver_laser:/home/cube-petit/ros/install/dji_ros_controller:/home/cube-petit/ros/install/depthai-ros:/home/cube-petit/ros/install/depthai_ros_driver:/home/cube-petit/ros/install/depthai_filters:/home/cube-petit/ros/install/depthai_examples:/home/cube-petit/ros/install/depthai_bridge:/home/cube-petit/ros/install/depthai_ros_msgs:/home/cube-petit/ros/install/depthai_hand_tracker:/home/cube-petit/ros/install/depthai_descriptions:/home/cube-petit/ros/install/cube_teleop:/home/cube-petit/ros/install/cube_petit_ros:/home/cube-petit/ros/install/cube_petit_hardware_interface:/home/cube-petit/ros/install/cube_petit_facial_animation:/home/cube-petit/ros/install/cube_petit_description:/home/cube-petit/ros/install/cube_speech:/home/cube-petit/ros/install/cube_diagnostic:/opt/ros/humble:/home/cube-petit/ros/install/cube_petit_bringup:/home/cube-petit/ros/install/cube_expression:/home/cube-petit/ros/install/cube_description:/home/cube-petit/ros/install/brass_gazebo_battery:/home/cube-petit/ros/install/akulidar_ros /usr/bin/cmake --install /home/cube-petit/ros/src/cube_petit_ros/build/cube_petit_speech_to_text[0m
[2.620s] [34mcolcon.colcon_core.environment[0m [1;30mLevel 1[0m checking '/home/cube-petit/ros/src/cube_petit_ros/install/cube_petit_speech_to_text' for CMake config files
[2.620s] [34mcolcon.colcon_core.shell[0m [1;30mLevel 1[0m create_environment_hook('cube_petit_speech_to_text', 'cmake_prefix_path')
[2.621s] [34mcolcon.colcon_core.shell[0m [1;30mINFO[0m Creating environment hook '/home/cube-petit/ros/src/cube_petit_ros/install/cube_petit_speech_to_text/share/cube_petit_speech_to_text/hook/cmake_prefix_path.ps1'
[2.621s] [34mcolcon.colcon_core.shell[0m [1;30mINFO[0m Creating environment descriptor '/home/cube-petit/ros/src/cube_petit_ros/install/cube_petit_speech_to_text/share/cube_petit_speech_to_text/hook/cmake_prefix_path.dsv'
[2.621s] [34mcolcon.colcon_core.shell[0m [1;30mINFO[0m Creating environment hook '/home/cube-petit/ros/src/cube_petit_ros/install/cube_petit_speech_to_text/share/cube_petit_speech_to_text/hook/cmake_prefix_path.sh'
[2.622s] [34mcolcon.colcon_core.environment[0m [1;30mLevel 1[0m checking '/home/cube-petit/ros/src/cube_petit_ros/install/cube_petit_speech_to_text/lib'
[2.622s] [34mcolcon.colcon_core.environment[0m [1;30mLevel 1[0m checking '/home/cube-petit/ros/src/cube_petit_ros/install/cube_petit_speech_to_text/bin'
[2.622s] [34mcolcon.colcon_core.environment[0m [1;30mLevel 1[0m checking '/home/cube-petit/ros/src/cube_petit_ros/install/cube_petit_speech_to_text/lib/pkgconfig/cube_petit_speech_to_text.pc'
[2.622s] [34mcolcon.colcon_core.environment[0m [1;30mLevel 1[0m checking '/home/cube-petit/ros/src/cube_petit_ros/install/cube_petit_speech_to_text/lib/python3.10/site-packages'
[2.622s] [34mcolcon.colcon_core.environment[0m [1;30mLevel 1[0m checking '/home/cube-petit/ros/src/cube_petit_ros/install/cube_petit_speech_to_text/bin'
[2.623s] [34mcolcon.colcon_core.shell[0m [1;30mINFO[0m Creating package script '/home/cube-petit/ros/src/cube_petit_ros/install/cube_petit_speech_to_text/share/cube_petit_speech_to_text/package.ps1'
[2.623s] [34mcolcon.colcon_core.shell[0m [1;30mINFO[0m Creating package descriptor '/home/cube-petit/ros/src/cube_petit_ros/install/cube_petit_speech_to_text/share/cube_petit_speech_to_text/package.dsv'
[2.623s] [34mcolcon.colcon_core.shell[0m [1;30mINFO[0m Creating package script '/home/cube-petit/ros/src/cube_petit_ros/install/cube_petit_speech_to_text/share/cube_petit_speech_to_text/package.sh'
[2.624s] [34mcolcon.colcon_core.shell[0m [1;30mINFO[0m Creating package script '/home/cube-petit/ros/src/cube_petit_ros/install/cube_petit_speech_to_text/share/cube_petit_speech_to_text/package.bash'
[2.624s] [34mcolcon.colcon_core.shell[0m [1;30mINFO[0m Creating package script '/home/cube-petit/ros/src/cube_petit_ros/install/cube_petit_speech_to_text/share/cube_petit_speech_to_text/package.zsh'
[2.624s] [34mcolcon.colcon_core.environment[0m [1;30mLevel 1[0m create_file_with_runtime_dependencies(/home/cube-petit/ros/src/cube_petit_ros/install/cube_petit_speech_to_text/share/colcon-core/packages/cube_petit_speech_to_text)
[2.654s] [34mcolcon.colcon_core.environment[0m [1;30mLevel 1[0m create_environment_scripts_only(cube_petit_text_to_speech)
[2.654s] [34mcolcon.colcon_core.environment[0m [1;30mLevel 1[0m checking '/home/cube-petit/ros/src/cube_petit_ros/install/cube_petit_text_to_speech' for CMake module files
[2.654s] [34mcolcon.colcon_core.environment[0m [1;30mLevel 1[0m checking '/home/cube-petit/ros/src/cube_petit_ros/install/cube_petit_text_to_speech' for CMake config files
[2.654s] [34mcolcon.colcon_core.shell[0m [1;30mLevel 1[0m create_environment_hook('cube_petit_text_to_speech', 'cmake_prefix_path')
[2.655s] [34mcolcon.colcon_core.shell[0m [1;30mINFO[0m Creating environment hook '/home/cube-petit/ros/src/cube_petit_ros/install/cube_petit_text_to_speech/share/cube_petit_text_to_speech/hook/cmake_prefix_path.ps1'
[2.655s] [34mcolcon.colcon_core.shell[0m [1;30mINFO[0m Creating environment descriptor '/home/cube-petit/ros/src/cube_petit_ros/install/cube_petit_text_to_speech/share/cube_petit_text_to_speech/hook/cmake_prefix_path.dsv'
[2.655s] [34mcolcon.colcon_core.shell[0m [1;30mINFO[0m Creating environment hook '/home/cube-petit/ros/src/cube_petit_ros/install/cube_petit_text_to_speech/share/cube_petit_text_to_speech/hook/cmake_prefix_path.sh'
[2.656s] [34mcolcon.colcon_core.environment[0m [1;30mLevel 1[0m checking '/home/cube-petit/ros/src/cube_petit_ros/install/cube_petit_text_to_speech/lib'
[2.656s] [34mcolcon.colcon_core.environment[0m [1;30mLevel 1[0m checking '/home/cube-petit/ros/src/cube_petit_ros/install/cube_petit_text_to_speech/bin'
[2.656s] [34mcolcon.colcon_core.environment[0m [1;30mLevel 1[0m checking '/home/cube-petit/ros/src/cube_petit_ros/install/cube_petit_text_to_speech/lib/pkgconfig/cube_petit_text_to_speech.pc'
[2.656s] [34mcolcon.colcon_core.environment[0m [1;30mLevel 1[0m checking '/home/cube-petit/ros/src/cube_petit_ros/install/cube_petit_text_to_speech/lib/python3.10/site-packages'
[2.656s] [34mcolcon.colcon_core.environment[0m [1;30mLevel 1[0m checking '/home/cube-petit/ros/src/cube_petit_ros/install/cube_petit_text_to_speech/bin'
[2.656s] [34mcolcon.colcon_core.shell[0m [1;30mINFO[0m Creating package script '/home/cube-petit/ros/src/cube_petit_ros/install/cube_petit_text_to_speech/share/cube_petit_text_to_speech/package.ps1'
[2.657s] [34mcolcon.colcon_core.shell[0m [1;30mINFO[0m Creating package descriptor '/home/cube-petit/ros/src/cube_petit_ros/install/cube_petit_text_to_speech/share/cube_petit_text_to_speech/package.dsv'
[2.657s] [34mcolcon.colcon_core.shell[0m [1;30mINFO[0m Creating package script '/home/cube-petit/ros/src/cube_petit_ros/install/cube_petit_text_to_speech/share/cube_petit_text_to_speech/package.sh'
[2.657s] [34mcolcon.colcon_core.shell[0m [1;30mINFO[0m Creating package script '/home/cube-petit/ros/src/cube_petit_ros/install/cube_petit_text_to_speech/share/cube_petit_text_to_speech/package.bash'
[2.657s] [34mcolcon.colcon_core.shell[0m [1;30mINFO[0m Creating package script '/home/cube-petit/ros/src/cube_petit_ros/install/cube_petit_text_to_speech/share/cube_petit_text_to_speech/package.zsh'
[2.658s] [34mcolcon.colcon_core.environment[0m [1;30mLevel 1[0m create_file_with_runtime_dependencies(/home/cube-petit/ros/src/cube_petit_ros/install/cube_petit_text_to_speech/share/colcon-core/packages/cube_petit_text_to_speech)
[2.660s] [34mcolcon.colcon_core.environment[0m [1;30mLevel 1[0m create_environment_scripts_only(cube_petit_speech_to_text)
[2.660s] [34mcolcon.colcon_core.environment[0m [1;30mLevel 1[0m checking '/home/cube-petit/ros/src/cube_petit_ros/install/cube_petit_speech_to_text' for CMake module files
[2.660s] [34mcolcon.colcon_core.environment[0m [1;30mLevel 1[0m checking '/home/cube-petit/ros/src/cube_petit_ros/install/cube_petit_speech_to_text' for CMake config files
[2.660s] [34mcolcon.colcon_core.shell[0m [1;30mLevel 1[0m create_environment_hook('cube_petit_speech_to_text', 'cmake_prefix_path')
[2.660s] [34mcolcon.colcon_core.shell[0m [1;30mINFO[0m Creating environment hook '/home/cube-petit/ros/src/cube_petit_ros/install/cube_petit_speech_to_text/share/cube_petit_speech_to_text/hook/cmake_prefix_path.ps1'
[2.661s] [34mcolcon.colcon_core.shell[0m [1;30mINFO[0m Creating environment descriptor '/home/cube-petit/ros/src/cube_petit_ros/install/cube_petit_speech_to_text/share/cube_petit_speech_to_text/hook/cmake_prefix_path.dsv'
[2.661s] [34mcolcon.colcon_core.shell[0m [1;30mINFO[0m Creating environment hook '/home/cube-petit/ros/src/cube_petit_ros/install/cube_petit_speech_to_text/share/cube_petit_speech_to_text/hook/cmake_prefix_path.sh'
[2.661s] [34mcolcon.colcon_core.environment[0m [1;30mLevel 1[0m checking '/home/cube-petit/ros/src/cube_petit_ros/install/cube_petit_speech_to_text/lib'
[2.661s] [34mcolcon.colcon_core.environment[0m [1;30mLevel 1[0m checking '/home/cube-petit/ros/src/cube_petit_ros/install/cube_petit_speech_to_text/bin'
[2.661s] [34mcolcon.colcon_core.environment[0m [1;30mLevel 1[0m checking '/home/cube-petit/ros/src/cube_petit_ros/install/cube_petit_speech_to_text/lib/pkgconfig/cube_petit_speech_to_text.pc'
[2.661s] [34mcolcon.colcon_core.environment[0m [1;30mLevel 1[0m checking '/home/cube-petit/ros/src/cube_petit_ros/install/cube_petit_speech_to_text/lib/python3.10/site-packages'
[2.661s] [34mcolcon.colcon_core.environment[0m [1;30mLevel 1[0m checking '/home/cube-petit/ros/src/cube_petit_ros/install/cube_petit_speech_to_text/bin'
[2.662s] [34mcolcon.colcon_core.shell[0m [1;30mINFO[0m Creating package script '/home/cube-petit/ros/src/cube_petit_ros/install/cube_petit_speech_to_text/share/cube_petit_speech_to_text/package.ps1'
[2.662s] [34mcolcon.colcon_core.shell[0m [1;30mINFO[0m Creating package descriptor '/home/cube-petit/ros/src/cube_petit_ros/install/cube_petit_speech_to_text/share/cube_petit_speech_to_text/package.dsv'
[2.662s] [34mcolcon.colcon_core.shell[0m [1;30mINFO[0m Creating package script '/home/cube-petit/ros/src/cube_petit_ros/install/cube_petit_speech_to_text/share/cube_petit_speech_to_text/package.sh'
[2.662s] [34mcolcon.colcon_core.shell[0m [1;30mINFO[0m Creating package script '/home/cube-petit/ros/src/cube_petit_ros/install/cube_petit_speech_to_text/share/cube_petit_speech_to_text/package.bash'
[2.663s] [34mcolcon.colcon_core.shell[0m [1;30mINFO[0m Creating package script '/home/cube-petit/ros/src/cube_petit_ros/install/cube_petit_speech_to_text/share/cube_petit_speech_to_text/package.zsh'
[2.663s] [34mcolcon.colcon_core.environment[0m [1;30mLevel 1[0m create_file_with_runtime_dependencies(/home/cube-petit/ros/src/cube_petit_ros/install/cube_petit_speech_to_text/share/colcon-core/packages/cube_petit_speech_to_text)
[2.732s] [34mcolcon.colcon_core.environment[0m [1;30mLevel 1[0m create_environment_scripts_only(cube_petit_description)
[2.733s] [34mcolcon.colcon_core.environment[0m [1;30mLevel 1[0m checking '/home/cube-petit/ros/src/cube_petit_ros/install/cube_petit_description' for CMake module files
[2.733s] [34mcolcon.colcon_core.event_handler.log_command[0m [1;30mDEBUG[0m [32mInvoked command in '/home/cube-petit/ros/src/cube_petit_ros/build/cube_petit_description' returned '0': CMAKE_PREFIX_PATH=/home/cube-petit/ros/install/vesc:/home/cube-petit/ros/install/cube:/home/cube-petit/ros/install/cube_gazebo:/home/cube-petit/ros/install/cube_bringup:/home/cube-petit/ros/install/cube_hw_interface:/home/cube-petit/ros/install/vesc_hw_interface:/home/cube-petit/ros/install/vesc_driver:/home/cube-petit/ros/install/vesc_msgs:/home/cube-petit/ros/install/cube_navigation:/home/cube-petit/ros/install/spatio_temporal_voxel_layer:/home/cube-petit/ros/install/cube_petit_text_to_speech:/home/cube-petit/ros/install/cube_petit_speech_to_text:/home/cube-petit/ros/install/sbgisen_msgs:/home/cube-petit/ros/install/sbgisen_gazebo_plugins:/home/cube-petit/ros/install/sbgisen_docking_plugin:/home/cube-petit/ros/install/ros2_socketcan_msgs:/home/cube-petit/ros/install/cube_server:/home/cube-petit/ros/install/robot_pose_publisher_ros2:/home/cube-petit/ros/install/perception_pcl:/home/cube-petit/ros/install/ira_laser_tools:/home/cube-petit/ros/install/cube_petit_gazebo:/home/cube-petit/ros/install/pcl_ros:/home/cube-petit/ros/install/pcl_conversions:/home/cube-petit/ros/install/openvdb_vendor:/home/cube-petit/ros/install/multi_hc_sr04:/home/cube-petit/ros/install/mpu6050_serial_to_imu:/home/cube-petit/ros/install/lh_laser_driver:/home/cube-petit/ros/install/ldlidar_stl_ros2:/home/cube-petit/ros/install/kinect2_bridge:/home/cube-petit/ros/install/kinect2_registration:/home/cube-petit/ros/install/imu_filter_tools:/home/cube-petit/ros/install/imu_drift_correction:/home/cube-petit/ros/install/hins_driver_laser:/home/cube-petit/ros/install/dji_ros_controller:/home/cube-petit/ros/install/depthai-ros:/home/cube-petit/ros/install/depthai_ros_driver:/home/cube-petit/ros/install/depthai_filters:/home/cube-petit/ros/install/depthai_examples:/home/cube-petit/ros/install/depthai_bridge:/home/cube-petit/ros/install/depthai_ros_msgs:/home/cube-petit/ros/install/depthai_hand_tracker:/home/cube-petit/ros/install/depthai_descriptions:/home/cube-petit/ros/install/cube_teleop:/home/cube-petit/ros/install/cube_petit_ros:/home/cube-petit/ros/install/cube_petit_hardware_interface:/home/cube-petit/ros/install/cube_petit_facial_animation:/home/cube-petit/ros/install/cube_petit_description:/home/cube-petit/ros/install/cube_speech:/home/cube-petit/ros/install/cube_diagnostic:/opt/ros/humble:/home/cube-petit/ros/install/cube_petit_bringup:/home/cube-petit/ros/install/cube_expression:/home/cube-petit/ros/install/cube_description:/home/cube-petit/ros/install/brass_gazebo_battery:/home/cube-petit/ros/install/akulidar_ros /usr/bin/cmake --install /home/cube-petit/ros/src/cube_petit_ros/build/cube_petit_description[0m
[2.734s] [34mcolcon.colcon_core.environment[0m [1;30mLevel 1[0m checking '/home/cube-petit/ros/src/cube_petit_ros/install/cube_petit_description' for CMake config files
[2.734s] [34mcolcon.colcon_core.shell[0m [1;30mLevel 1[0m create_environment_hook('cube_petit_description', 'cmake_prefix_path')
[2.734s] [34mcolcon.colcon_core.shell[0m [1;30mINFO[0m Creating environment hook '/home/cube-petit/ros/src/cube_petit_ros/install/cube_petit_description/share/cube_petit_description/hook/cmake_prefix_path.ps1'
[2.734s] [34mcolcon.colcon_core.shell[0m [1;30mINFO[0m Creating environment descriptor '/home/cube-petit/ros/src/cube_petit_ros/install/cube_petit_description/share/cube_petit_description/hook/cmake_prefix_path.dsv'
[2.734s] [34mcolcon.colcon_core.shell[0m [1;30mINFO[0m Creating environment hook '/home/cube-petit/ros/src/cube_petit_ros/install/cube_petit_description/share/cube_petit_description/hook/cmake_prefix_path.sh'
[2.735s] [34mcolcon.colcon_core.environment[0m [1;30mLevel 1[0m checking '/home/cube-petit/ros/src/cube_petit_ros/install/cube_petit_description/bin'
[2.735s] [34mcolcon.colcon_core.environment[0m [1;30mLevel 1[0m checking '/home/cube-petit/ros/src/cube_petit_ros/install/cube_petit_description/lib/pkgconfig/cube_petit_description.pc'
[2.735s] [34mcolcon.colcon_core.environment[0m [1;30mLevel 1[0m checking '/home/cube-petit/ros/src/cube_petit_ros/install/cube_petit_description/lib/python3.10/site-packages'
[2.735s] [34mcolcon.colcon_core.environment[0m [1;30mLevel 1[0m checking '/home/cube-petit/ros/src/cube_petit_ros/install/cube_petit_description/bin'
[2.735s] [34mcolcon.colcon_core.shell[0m [1;30mINFO[0m Creating package script '/home/cube-petit/ros/src/cube_petit_ros/install/cube_petit_description/share/cube_petit_description/package.ps1'
[2.736s] [34mcolcon.colcon_core.shell[0m [1;30mINFO[0m Creating package descriptor '/home/cube-petit/ros/src/cube_petit_ros/install/cube_petit_description/share/cube_petit_description/package.dsv'
[2.736s] [34mcolcon.colcon_core.shell[0m [1;30mINFO[0m Creating package script '/home/cube-petit/ros/src/cube_petit_ros/install/cube_petit_description/share/cube_petit_description/package.sh'
[2.736s] [34mcolcon.colcon_core.shell[0m [1;30mINFO[0m Creating package script '/home/cube-petit/ros/src/cube_petit_ros/install/cube_petit_description/share/cube_petit_description/package.bash'
[2.736s] [34mcolcon.colcon_core.shell[0m [1;30mINFO[0m Creating package script '/home/cube-petit/ros/src/cube_petit_ros/install/cube_petit_description/share/cube_petit_description/package.zsh'
[2.736s] [34mcolcon.colcon_core.environment[0m [1;30mLevel 1[0m create_file_with_runtime_dependencies(/home/cube-petit/ros/src/cube_petit_ros/install/cube_petit_description/share/colcon-core/packages/cube_petit_description)
[2.782s] [34mcolcon.colcon_core.environment[0m [1;30mLevel 1[0m create_environment_scripts_only(cube_petit_description)
[2.782s] [34mcolcon.colcon_core.environment[0m [1;30mLevel 1[0m checking '/home/cube-petit/ros/src/cube_petit_ros/install/cube_petit_description' for CMake module files
[2.782s] [34mcolcon.colcon_core.environment[0m [1;30mLevel 1[0m checking '/home/cube-petit/ros/src/cube_petit_ros/install/cube_petit_description' for CMake config files
[2.782s] [34mcolcon.colcon_core.shell[0m [1;30mLevel 1[0m create_environment_hook('cube_petit_description', 'cmake_prefix_path')
[2.782s] [34mcolcon.colcon_core.shell[0m [1;30mINFO[0m Creating environment hook '/home/cube-petit/ros/src/cube_petit_ros/install/cube_petit_description/share/cube_petit_description/hook/cmake_prefix_path.ps1'
[2.783s] [34mcolcon.colcon_core.shell[0m [1;30mINFO[0m Creating environment descriptor '/home/cube-petit/ros/src/cube_petit_ros/install/cube_petit_description/share/cube_petit_description/hook/cmake_prefix_path.dsv'
[2.783s] [34mcolcon.colcon_core.shell[0m [1;30mINFO[0m Creating environment hook '/home/cube-petit/ros/src/cube_petit_ros/install/cube_petit_description/share/cube_petit_description/hook/cmake_prefix_path.sh'
[2.783s] [34mcolcon.colcon_core.environment[0m [1;30mLevel 1[0m checking '/home/cube-petit/ros/src/cube_petit_ros/install/cube_petit_description/bin'
[2.783s] [34mcolcon.colcon_core.environment[0m [1;30mLevel 1[0m checking '/home/cube-petit/ros/src/cube_petit_ros/install/cube_petit_description/lib/pkgconfig/cube_petit_description.pc'
[2.783s] [34mcolcon.colcon_core.environment[0m [1;30mLevel 1[0m checking '/home/cube-petit/ros/src/cube_petit_ros/install/cube_petit_description/lib/python3.10/site-packages'
[2.784s] [34mcolcon.colcon_core.environment[0m [1;30mLevel 1[0m checking '/home/cube-petit/ros/src/cube_petit_ros/install/cube_petit_description/bin'
[2.784s] [34mcolcon.colcon_core.shell[0m [1;30mINFO[0m Creating package script '/home/cube-petit/ros/src/cube_petit_ros/install/cube_petit_description/share/cube_petit_description/package.ps1'
[2.784s] [34mcolcon.colcon_core.shell[0m [1;30mINFO[0m Creating package descriptor '/home/cube-petit/ros/src/cube_petit_ros/install/cube_petit_description/share/cube_petit_description/package.dsv'
[2.784s] [34mcolcon.colcon_core.shell[0m [1;30mINFO[0m Creating package script '/home/cube-petit/ros/src/cube_petit_ros/install/cube_petit_description/share/cube_petit_description/package.sh'
[2.785s] [34mcolcon.colcon_core.shell[0m [1;30mINFO[0m Creating package script '/home/cube-petit/ros/src/cube_petit_ros/install/cube_petit_description/share/cube_petit_description/package.bash'
[2.785s] [34mcolcon.colcon_core.shell[0m [1;30mINFO[0m Creating package script '/home/cube-petit/ros/src/cube_petit_ros/install/cube_petit_description/share/cube_petit_description/package.zsh'
[2.785s] [34mcolcon.colcon_core.environment[0m [1;30mLevel 1[0m create_file_with_runtime_dependencies(/home/cube-petit/ros/src/cube_petit_ros/install/cube_petit_description/share/colcon-core/packages/cube_petit_description)
[2.785s] [34mcolcon.colcon_ros.task.ament_cmake.build[0m [1;30mINFO[0m Building ROS package in '/home/cube-petit/ros/src/cube_petit_ros/cube_petit_gazebo' with build type 'ament_cmake'
[2.786s] [34mcolcon.colcon_cmake.task.cmake.build[0m [1;30mINFO[0m Building CMake package in '/home/cube-petit/ros/src/cube_petit_ros/cube_petit_gazebo'
[2.786s] [34mcolcon.colcon_core.shell[0m [1;30mINFO[0m Skip shell extension 'powershell' for command environment: Not usable outside of PowerShell
[2.786s] [34mcolcon.colcon_core.shell[0m [1;30mDEBUG[0m [32mSkip shell extension 'dsv' for command environment[0m
[2.792s] [34mcolcon.colcon_ros.task.ament_cmake.build[0m [1;30mINFO[0m Building ROS package in '/home/cube-petit/ros/src/cube_petit_ros/cube_petit_ros' with build type 'ament_cmake'
[2.793s] [34mcolcon.colcon_cmake.task.cmake.build[0m [1;30mINFO[0m Building CMake package in '/home/cube-petit/ros/src/cube_petit_ros/cube_petit_ros'
[2.793s] [34mcolcon.colcon_core.shell[0m [1;30mINFO[0m Skip shell extension 'powershell' for command environment: Not usable outside of PowerShell
[2.793s] [34mcolcon.colcon_core.shell[0m [1;30mDEBUG[0m [32mSkip shell extension 'dsv' for command environment[0m
[2.805s] [34mcolcon.colcon_core.event_handler.log_command[0m [1;30mDEBUG[0m [32mInvoking command in '/home/cube-petit/ros/src/cube_petit_ros/build/cube_petit_gazebo': AMENT_PREFIX_PATH=/home/cube-petit/ros/src/cube_petit_ros/install/cube_petit_description:${AMENT_PREFIX_PATH} CMAKE_PREFIX_PATH=/home/cube-petit/ros/src/cube_petit_ros/install/cube_petit_description:/home/cube-petit/ros/install/vesc:/home/cube-petit/ros/install/cube:/home/cube-petit/ros/install/cube_gazebo:/home/cube-petit/ros/install/cube_bringup:/home/cube-petit/ros/install/cube_hw_interface:/home/cube-petit/ros/install/vesc_hw_interface:/home/cube-petit/ros/install/vesc_driver:/home/cube-petit/ros/install/vesc_msgs:/home/cube-petit/ros/install/cube_navigation:/home/cube-petit/ros/install/spatio_temporal_voxel_layer:/home/cube-petit/ros/install/cube_petit_text_to_speech:/home/cube-petit/ros/install/cube_petit_speech_to_text:/home/cube-petit/ros/install/sbgisen_msgs:/home/cube-petit/ros/install/sbgisen_gazebo_plugins:/home/cube-petit/ros/install/sbgisen_docking_plugin:/home/cube-petit/ros/install/ros2_socketcan_msgs:/home/cube-petit/ros/install/cube_server:/home/cube-petit/ros/install/robot_pose_publisher_ros2:/home/cube-petit/ros/install/perception_pcl:/home/cube-petit/ros/install/ira_laser_tools:/home/cube-petit/ros/install/cube_petit_gazebo:/home/cube-petit/ros/install/pcl_ros:/home/cube-petit/ros/install/pcl_conversions:/home/cube-petit/ros/install/openvdb_vendor:/home/cube-petit/ros/install/multi_hc_sr04:/home/cube-petit/ros/install/mpu6050_serial_to_imu:/home/cube-petit/ros/install/lh_laser_driver:/home/cube-petit/ros/install/ldlidar_stl_ros2:/home/cube-petit/ros/install/kinect2_bridge:/home/cube-petit/ros/install/kinect2_registration:/home/cube-petit/ros/install/imu_filter_tools:/home/cube-petit/ros/install/imu_drift_correction:/home/cube-petit/ros/install/hins_driver_laser:/home/cube-petit/ros/install/dji_ros_controller:/home/cube-petit/ros/install/depthai-ros:/home/cube-petit/ros/install/depthai_ros_driver:/home/cube-petit/ros/install/depthai_filters:/home/cube-petit/ros/install/depthai_examples:/home/cube-petit/ros/install/depthai_bridge:/home/cube-petit/ros/install/depthai_ros_msgs:/home/cube-petit/ros/install/depthai_hand_tracker:/home/cube-petit/ros/install/depthai_descriptions:/home/cube-petit/ros/install/cube_teleop:/home/cube-petit/ros/install/cube_petit_ros:/home/cube-petit/ros/install/cube_petit_hardware_interface:/home/cube-petit/ros/install/cube_petit_facial_animation:/home/cube-petit/ros/install/cube_petit_description:/home/cube-petit/ros/install/cube_speech:/home/cube-petit/ros/install/cube_diagnostic:/opt/ros/humble:/home/cube-petit/ros/install/cube_petit_bringup:/home/cube-petit/ros/install/cube_expression:/home/cube-petit/ros/install/cube_description:/home/cube-petit/ros/install/brass_gazebo_battery:/home/cube-petit/ros/install/akulidar_ros /usr/bin/cmake /home/cube-petit/ros/src/cube_petit_ros/cube_petit_gazebo -DCMAKE_INSTALL_PREFIX=/home/cube-petit/ros/src/cube_petit_ros/install/cube_petit_gazebo[0m
[2.807s] [34mcolcon.colcon_core.event_handler.log_command[0m [1;30mDEBUG[0m [32mInvoking command in '/home/cube-petit/ros/src/cube_petit_ros/build/cube_petit_ros': AMENT_PREFIX_PATH=/home/cube-petit/ros/src/cube_petit_ros/install/cube_petit_description:${AMENT_PREFIX_PATH} CMAKE_PREFIX_PATH=/home/cube-petit/ros/src/cube_petit_ros/install/cube_petit_description:/home/cube-petit/ros/install/vesc:/home/cube-petit/ros/install/cube:/home/cube-petit/ros/install/cube_gazebo:/home/cube-petit/ros/install/cube_bringup:/home/cube-petit/ros/install/cube_hw_interface:/home/cube-petit/ros/install/vesc_hw_interface:/home/cube-petit/ros/install/vesc_driver:/home/cube-petit/ros/install/vesc_msgs:/home/cube-petit/ros/install/cube_navigation:/home/cube-petit/ros/install/spatio_temporal_voxel_layer:/home/cube-petit/ros/install/cube_petit_text_to_speech:/home/cube-petit/ros/install/cube_petit_speech_to_text:/home/cube-petit/ros/install/sbgisen_msgs:/home/cube-petit/ros/install/sbgisen_gazebo_plugins:/home/cube-petit/ros/install/sbgisen_docking_plugin:/home/cube-petit/ros/install/ros2_socketcan_msgs:/home/cube-petit/ros/install/cube_server:/home/cube-petit/ros/install/robot_pose_publisher_ros2:/home/cube-petit/ros/install/perception_pcl:/home/cube-petit/ros/install/ira_laser_tools:/home/cube-petit/ros/install/cube_petit_gazebo:/home/cube-petit/ros/install/pcl_ros:/home/cube-petit/ros/install/pcl_conversions:/home/cube-petit/ros/install/openvdb_vendor:/home/cube-petit/ros/install/multi_hc_sr04:/home/cube-petit/ros/install/mpu6050_serial_to_imu:/home/cube-petit/ros/install/lh_laser_driver:/home/cube-petit/ros/install/ldlidar_stl_ros2:/home/cube-petit/ros/install/kinect2_bridge:/home/cube-petit/ros/install/kinect2_registration:/home/cube-petit/ros/install/imu_filter_tools:/home/cube-petit/ros/install/imu_drift_correction:/home/cube-petit/ros/install/hins_driver_laser:/home/cube-petit/ros/install/dji_ros_controller:/home/cube-petit/ros/install/depthai-ros:/home/cube-petit/ros/install/depthai_ros_driver:/home/cube-petit/ros/install/depthai_filters:/home/cube-petit/ros/install/depthai_examples:/home/cube-petit/ros/install/depthai_bridge:/home/cube-petit/ros/install/depthai_ros_msgs:/home/cube-petit/ros/install/depthai_hand_tracker:/home/cube-petit/ros/install/depthai_descriptions:/home/cube-petit/ros/install/cube_teleop:/home/cube-petit/ros/install/cube_petit_ros:/home/cube-petit/ros/install/cube_petit_hardware_interface:/home/cube-petit/ros/install/cube_petit_facial_animation:/home/cube-petit/ros/install/cube_petit_description:/home/cube-petit/ros/install/cube_speech:/home/cube-petit/ros/install/cube_diagnostic:/opt/ros/humble:/home/cube-petit/ros/install/cube_petit_bringup:/home/cube-petit/ros/install/cube_expression:/home/cube-petit/ros/install/cube_description:/home/cube-petit/ros/install/brass_gazebo_battery:/home/cube-petit/ros/install/akulidar_ros /usr/bin/cmake /home/cube-petit/ros/src/cube_petit_ros/cube_petit_ros -DCMAKE_INSTALL_PREFIX=/home/cube-petit/ros/src/cube_petit_ros/install/cube_petit_ros[0m
[4.110s] [34mcolcon.colcon_core.event_handler.log_command[0m [1;30mDEBUG[0m [32mInvoked command in '/home/cube-petit/ros/src/cube_petit_ros/build/cube_petit_ros' returned '0': AMENT_PREFIX_PATH=/home/cube-petit/ros/src/cube_petit_ros/install/cube_petit_description:${AMENT_PREFIX_PATH} CMAKE_PREFIX_PATH=/home/cube-petit/ros/src/cube_petit_ros/install/cube_petit_description:/home/cube-petit/ros/install/vesc:/home/cube-petit/ros/install/cube:/home/cube-petit/ros/install/cube_gazebo:/home/cube-petit/ros/install/cube_bringup:/home/cube-petit/ros/install/cube_hw_interface:/home/cube-petit/ros/install/vesc_hw_interface:/home/cube-petit/ros/install/vesc_driver:/home/cube-petit/ros/install/vesc_msgs:/home/cube-petit/ros/install/cube_navigation:/home/cube-petit/ros/install/spatio_temporal_voxel_layer:/home/cube-petit/ros/install/cube_petit_text_to_speech:/home/cube-petit/ros/install/cube_petit_speech_to_text:/home/cube-petit/ros/install/sbgisen_msgs:/home/cube-petit/ros/install/sbgisen_gazebo_plugins:/home/cube-petit/ros/install/sbgisen_docking_plugin:/home/cube-petit/ros/install/ros2_socketcan_msgs:/home/cube-petit/ros/install/cube_server:/home/cube-petit/ros/install/robot_pose_publisher_ros2:/home/cube-petit/ros/install/perception_pcl:/home/cube-petit/ros/install/ira_laser_tools:/home/cube-petit/ros/install/cube_petit_gazebo:/home/cube-petit/ros/install/pcl_ros:/home/cube-petit/ros/install/pcl_conversions:/home/cube-petit/ros/install/openvdb_vendor:/home/cube-petit/ros/install/multi_hc_sr04:/home/cube-petit/ros/install/mpu6050_serial_to_imu:/home/cube-petit/ros/install/lh_laser_driver:/home/cube-petit/ros/install/ldlidar_stl_ros2:/home/cube-petit/ros/install/kinect2_bridge:/home/cube-petit/ros/install/kinect2_registration:/home/cube-petit/ros/install/imu_filter_tools:/home/cube-petit/ros/install/imu_drift_correction:/home/cube-petit/ros/install/hins_driver_laser:/home/cube-petit/ros/install/dji_ros_controller:/home/cube-petit/ros/install/depthai-ros:/home/cube-petit/ros/install/depthai_ros_driver:/home/cube-petit/ros/install/depthai_filters:/home/cube-petit/ros/install/depthai_examples:/home/cube-petit/ros/install/depthai_bridge:/home/cube-petit/ros/install/depthai_ros_msgs:/home/cube-petit/ros/install/depthai_hand_tracker:/home/cube-petit/ros/install/depthai_descriptions:/home/cube-petit/ros/install/cube_teleop:/home/cube-petit/ros/install/cube_petit_ros:/home/cube-petit/ros/install/cube_petit_hardware_interface:/home/cube-petit/ros/install/cube_petit_facial_animation:/home/cube-petit/ros/install/cube_petit_description:/home/cube-petit/ros/install/cube_speech:/home/cube-petit/ros/install/cube_diagnostic:/opt/ros/humble:/home/cube-petit/ros/install/cube_petit_bringup:/home/cube-petit/ros/install/cube_expression:/home/cube-petit/ros/install/cube_description:/home/cube-petit/ros/install/brass_gazebo_battery:/home/cube-petit/ros/install/akulidar_ros /usr/bin/cmake /home/cube-petit/ros/src/cube_petit_ros/cube_petit_ros -DCMAKE_INSTALL_PREFIX=/home/cube-petit/ros/src/cube_petit_ros/install/cube_petit_ros[0m
[4.111s] [34mcolcon.colcon_core.event_handler.log_command[0m [1;30mDEBUG[0m [32mInvoking command in '/home/cube-petit/ros/src/cube_petit_ros/build/cube_petit_ros': AMENT_PREFIX_PATH=/home/cube-petit/ros/src/cube_petit_ros/install/cube_petit_description:${AMENT_PREFIX_PATH} CMAKE_PREFIX_PATH=/home/cube-petit/ros/src/cube_petit_ros/install/cube_petit_description:/home/cube-petit/ros/install/vesc:/home/cube-petit/ros/install/cube:/home/cube-petit/ros/install/cube_gazebo:/home/cube-petit/ros/install/cube_bringup:/home/cube-petit/ros/install/cube_hw_interface:/home/cube-petit/ros/install/vesc_hw_interface:/home/cube-petit/ros/install/vesc_driver:/home/cube-petit/ros/install/vesc_msgs:/home/cube-petit/ros/install/cube_navigation:/home/cube-petit/ros/install/spatio_temporal_voxel_layer:/home/cube-petit/ros/install/cube_petit_text_to_speech:/home/cube-petit/ros/install/cube_petit_speech_to_text:/home/cube-petit/ros/install/sbgisen_msgs:/home/cube-petit/ros/install/sbgisen_gazebo_plugins:/home/cube-petit/ros/install/sbgisen_docking_plugin:/home/cube-petit/ros/install/ros2_socketcan_msgs:/home/cube-petit/ros/install/cube_server:/home/cube-petit/ros/install/robot_pose_publisher_ros2:/home/cube-petit/ros/install/perception_pcl:/home/cube-petit/ros/install/ira_laser_tools:/home/cube-petit/ros/install/cube_petit_gazebo:/home/cube-petit/ros/install/pcl_ros:/home/cube-petit/ros/install/pcl_conversions:/home/cube-petit/ros/install/openvdb_vendor:/home/cube-petit/ros/install/multi_hc_sr04:/home/cube-petit/ros/install/mpu6050_serial_to_imu:/home/cube-petit/ros/install/lh_laser_driver:/home/cube-petit/ros/install/ldlidar_stl_ros2:/home/cube-petit/ros/install/kinect2_bridge:/home/cube-petit/ros/install/kinect2_registration:/home/cube-petit/ros/install/imu_filter_tools:/home/cube-petit/ros/install/imu_drift_correction:/home/cube-petit/ros/install/hins_driver_laser:/home/cube-petit/ros/install/dji_ros_controller:/home/cube-petit/ros/install/depthai-ros:/home/cube-petit/ros/install/depthai_ros_driver:/home/cube-petit/ros/install/depthai_filters:/home/cube-petit/ros/install/depthai_examples:/home/cube-petit/ros/install/depthai_bridge:/home/cube-petit/ros/install/depthai_ros_msgs:/home/cube-petit/ros/install/depthai_hand_tracker:/home/cube-petit/ros/install/depthai_descriptions:/home/cube-petit/ros/install/cube_teleop:/home/cube-petit/ros/install/cube_petit_ros:/home/cube-petit/ros/install/cube_petit_hardware_interface:/home/cube-petit/ros/install/cube_petit_facial_animation:/home/cube-petit/ros/install/cube_petit_description:/home/cube-petit/ros/install/cube_speech:/home/cube-petit/ros/install/cube_diagnostic:/opt/ros/humble:/home/cube-petit/ros/install/cube_petit_bringup:/home/cube-petit/ros/install/cube_expression:/home/cube-petit/ros/install/cube_description:/home/cube-petit/ros/install/brass_gazebo_battery:/home/cube-petit/ros/install/akulidar_ros /usr/bin/cmake --build /home/cube-petit/ros/src/cube_petit_ros/build/cube_petit_ros -- -j16 -l16[0m
[4.160s] [34mcolcon.colcon_core.event_handler.log_command[0m [1;30mDEBUG[0m [32mInvoked command in '/home/cube-petit/ros/src/cube_petit_ros/build/cube_petit_ros' returned '0': AMENT_PREFIX_PATH=/home/cube-petit/ros/src/cube_petit_ros/install/cube_petit_description:${AMENT_PREFIX_PATH} CMAKE_PREFIX_PATH=/home/cube-petit/ros/src/cube_petit_ros/install/cube_petit_description:/home/cube-petit/ros/install/vesc:/home/cube-petit/ros/install/cube:/home/cube-petit/ros/install/cube_gazebo:/home/cube-petit/ros/install/cube_bringup:/home/cube-petit/ros/install/cube_hw_interface:/home/cube-petit/ros/install/vesc_hw_interface:/home/cube-petit/ros/install/vesc_driver:/home/cube-petit/ros/install/vesc_msgs:/home/cube-petit/ros/install/cube_navigation:/home/cube-petit/ros/install/spatio_temporal_voxel_layer:/home/cube-petit/ros/install/cube_petit_text_to_speech:/home/cube-petit/ros/install/cube_petit_speech_to_text:/home/cube-petit/ros/install/sbgisen_msgs:/home/cube-petit/ros/install/sbgisen_gazebo_plugins:/home/cube-petit/ros/install/sbgisen_docking_plugin:/home/cube-petit/ros/install/ros2_socketcan_msgs:/home/cube-petit/ros/install/cube_server:/home/cube-petit/ros/install/robot_pose_publisher_ros2:/home/cube-petit/ros/install/perception_pcl:/home/cube-petit/ros/install/ira_laser_tools:/home/cube-petit/ros/install/cube_petit_gazebo:/home/cube-petit/ros/install/pcl_ros:/home/cube-petit/ros/install/pcl_conversions:/home/cube-petit/ros/install/openvdb_vendor:/home/cube-petit/ros/install/multi_hc_sr04:/home/cube-petit/ros/install/mpu6050_serial_to_imu:/home/cube-petit/ros/install/lh_laser_driver:/home/cube-petit/ros/install/ldlidar_stl_ros2:/home/cube-petit/ros/install/kinect2_bridge:/home/cube-petit/ros/install/kinect2_registration:/home/cube-petit/ros/install/imu_filter_tools:/home/cube-petit/ros/install/imu_drift_correction:/home/cube-petit/ros/install/hins_driver_laser:/home/cube-petit/ros/install/dji_ros_controller:/home/cube-petit/ros/install/depthai-ros:/home/cube-petit/ros/install/depthai_ros_driver:/home/cube-petit/ros/install/depthai_filters:/home/cube-petit/ros/install/depthai_examples:/home/cube-petit/ros/install/depthai_bridge:/home/cube-petit/ros/install/depthai_ros_msgs:/home/cube-petit/ros/install/depthai_hand_tracker:/home/cube-petit/ros/install/depthai_descriptions:/home/cube-petit/ros/install/cube_teleop:/home/cube-petit/ros/install/cube_petit_ros:/home/cube-petit/ros/install/cube_petit_hardware_interface:/home/cube-petit/ros/install/cube_petit_facial_animation:/home/cube-petit/ros/install/cube_petit_description:/home/cube-petit/ros/install/cube_speech:/home/cube-petit/ros/install/cube_diagnostic:/opt/ros/humble:/home/cube-petit/ros/install/cube_petit_bringup:/home/cube-petit/ros/install/cube_expression:/home/cube-petit/ros/install/cube_description:/home/cube-petit/ros/install/brass_gazebo_battery:/home/cube-petit/ros/install/akulidar_ros /usr/bin/cmake --build /home/cube-petit/ros/src/cube_petit_ros/build/cube_petit_ros -- -j16 -l16[0m
[4.170s] [34mcolcon.colcon_core.event_handler.log_command[0m [1;30mDEBUG[0m [32mInvoked command in '/home/cube-petit/ros/src/cube_petit_ros/build/cube_petit_gazebo' returned '0': AMENT_PREFIX_PATH=/home/cube-petit/ros/src/cube_petit_ros/install/cube_petit_description:${AMENT_PREFIX_PATH} CMAKE_PREFIX_PATH=/home/cube-petit/ros/src/cube_petit_ros/install/cube_petit_description:/home/cube-petit/ros/install/vesc:/home/cube-petit/ros/install/cube:/home/cube-petit/ros/install/cube_gazebo:/home/cube-petit/ros/install/cube_bringup:/home/cube-petit/ros/install/cube_hw_interface:/home/cube-petit/ros/install/vesc_hw_interface:/home/cube-petit/ros/install/vesc_driver:/home/cube-petit/ros/install/vesc_msgs:/home/cube-petit/ros/install/cube_navigation:/home/cube-petit/ros/install/spatio_temporal_voxel_layer:/home/cube-petit/ros/install/cube_petit_text_to_speech:/home/cube-petit/ros/install/cube_petit_speech_to_text:/home/cube-petit/ros/install/sbgisen_msgs:/home/cube-petit/ros/install/sbgisen_gazebo_plugins:/home/cube-petit/ros/install/sbgisen_docking_plugin:/home/cube-petit/ros/install/ros2_socketcan_msgs:/home/cube-petit/ros/install/cube_server:/home/cube-petit/ros/install/robot_pose_publisher_ros2:/home/cube-petit/ros/install/perception_pcl:/home/cube-petit/ros/install/ira_laser_tools:/home/cube-petit/ros/install/cube_petit_gazebo:/home/cube-petit/ros/install/pcl_ros:/home/cube-petit/ros/install/pcl_conversions:/home/cube-petit/ros/install/openvdb_vendor:/home/cube-petit/ros/install/multi_hc_sr04:/home/cube-petit/ros/install/mpu6050_serial_to_imu:/home/cube-petit/ros/install/lh_laser_driver:/home/cube-petit/ros/install/ldlidar_stl_ros2:/home/cube-petit/ros/install/kinect2_bridge:/home/cube-petit/ros/install/kinect2_registration:/home/cube-petit/ros/install/imu_filter_tools:/home/cube-petit/ros/install/imu_drift_correction:/home/cube-petit/ros/install/hins_driver_laser:/home/cube-petit/ros/install/dji_ros_controller:/home/cube-petit/ros/install/depthai-ros:/home/cube-petit/ros/install/depthai_ros_driver:/home/cube-petit/ros/install/depthai_filters:/home/cube-petit/ros/install/depthai_examples:/home/cube-petit/ros/install/depthai_bridge:/home/cube-petit/ros/install/depthai_ros_msgs:/home/cube-petit/ros/install/depthai_hand_tracker:/home/cube-petit/ros/install/depthai_descriptions:/home/cube-petit/ros/install/cube_teleop:/home/cube-petit/ros/install/cube_petit_ros:/home/cube-petit/ros/install/cube_petit_hardware_interface:/home/cube-petit/ros/install/cube_petit_facial_animation:/home/cube-petit/ros/install/cube_petit_description:/home/cube-petit/ros/install/cube_speech:/home/cube-petit/ros/install/cube_diagnostic:/opt/ros/humble:/home/cube-petit/ros/install/cube_petit_bringup:/home/cube-petit/ros/install/cube_expression:/home/cube-petit/ros/install/cube_description:/home/cube-petit/ros/install/brass_gazebo_battery:/home/cube-petit/ros/install/akulidar_ros /usr/bin/cmake /home/cube-petit/ros/src/cube_petit_ros/cube_petit_gazebo -DCMAKE_INSTALL_PREFIX=/home/cube-petit/ros/src/cube_petit_ros/install/cube_petit_gazebo[0m
[4.171s] [34mcolcon.colcon_core.event_handler.log_command[0m [1;30mDEBUG[0m [32mInvoking command in '/home/cube-petit/ros/src/cube_petit_ros/build/cube_petit_gazebo': AMENT_PREFIX_PATH=/home/cube-petit/ros/src/cube_petit_ros/install/cube_petit_description:${AMENT_PREFIX_PATH} CMAKE_PREFIX_PATH=/home/cube-petit/ros/src/cube_petit_ros/install/cube_petit_description:/home/cube-petit/ros/install/vesc:/home/cube-petit/ros/install/cube:/home/cube-petit/ros/install/cube_gazebo:/home/cube-petit/ros/install/cube_bringup:/home/cube-petit/ros/install/cube_hw_interface:/home/cube-petit/ros/install/vesc_hw_interface:/home/cube-petit/ros/install/vesc_driver:/home/cube-petit/ros/install/vesc_msgs:/home/cube-petit/ros/install/cube_navigation:/home/cube-petit/ros/install/spatio_temporal_voxel_layer:/home/cube-petit/ros/install/cube_petit_text_to_speech:/home/cube-petit/ros/install/cube_petit_speech_to_text:/home/cube-petit/ros/install/sbgisen_msgs:/home/cube-petit/ros/install/sbgisen_gazebo_plugins:/home/cube-petit/ros/install/sbgisen_docking_plugin:/home/cube-petit/ros/install/ros2_socketcan_msgs:/home/cube-petit/ros/install/cube_server:/home/cube-petit/ros/install/robot_pose_publisher_ros2:/home/cube-petit/ros/install/perception_pcl:/home/cube-petit/ros/install/ira_laser_tools:/home/cube-petit/ros/install/cube_petit_gazebo:/home/cube-petit/ros/install/pcl_ros:/home/cube-petit/ros/install/pcl_conversions:/home/cube-petit/ros/install/openvdb_vendor:/home/cube-petit/ros/install/multi_hc_sr04:/home/cube-petit/ros/install/mpu6050_serial_to_imu:/home/cube-petit/ros/install/lh_laser_driver:/home/cube-petit/ros/install/ldlidar_stl_ros2:/home/cube-petit/ros/install/kinect2_bridge:/home/cube-petit/ros/install/kinect2_registration:/home/cube-petit/ros/install/imu_filter_tools:/home/cube-petit/ros/install/imu_drift_correction:/home/cube-petit/ros/install/hins_driver_laser:/home/cube-petit/ros/install/dji_ros_controller:/home/cube-petit/ros/install/depthai-ros:/home/cube-petit/ros/install/depthai_ros_driver:/home/cube-petit/ros/install/depthai_filters:/home/cube-petit/ros/install/depthai_examples:/home/cube-petit/ros/install/depthai_bridge:/home/cube-petit/ros/install/depthai_ros_msgs:/home/cube-petit/ros/install/depthai_hand_tracker:/home/cube-petit/ros/install/depthai_descriptions:/home/cube-petit/ros/install/cube_teleop:/home/cube-petit/ros/install/cube_petit_ros:/home/cube-petit/ros/install/cube_petit_hardware_interface:/home/cube-petit/ros/install/cube_petit_facial_animation:/home/cube-petit/ros/install/cube_petit_description:/home/cube-petit/ros/install/cube_speech:/home/cube-petit/ros/install/cube_diagnostic:/opt/ros/humble:/home/cube-petit/ros/install/cube_petit_bringup:/home/cube-petit/ros/install/cube_expression:/home/cube-petit/ros/install/cube_description:/home/cube-petit/ros/install/brass_gazebo_battery:/home/cube-petit/ros/install/akulidar_ros /usr/bin/cmake --build /home/cube-petit/ros/src/cube_petit_ros/build/cube_petit_gazebo -- -j16 -l16[0m
[4.203s] [34mcolcon.colcon_core.event_handler.log_command[0m [1;30mDEBUG[0m [32mInvoking command in '/home/cube-petit/ros/src/cube_petit_ros/build/cube_petit_ros': AMENT_PREFIX_PATH=/home/cube-petit/ros/src/cube_petit_ros/install/cube_petit_description:${AMENT_PREFIX_PATH} CMAKE_PREFIX_PATH=/home/cube-petit/ros/src/cube_petit_ros/install/cube_petit_description:/home/cube-petit/ros/install/vesc:/home/cube-petit/ros/install/cube:/home/cube-petit/ros/install/cube_gazebo:/home/cube-petit/ros/install/cube_bringup:/home/cube-petit/ros/install/cube_hw_interface:/home/cube-petit/ros/install/vesc_hw_interface:/home/cube-petit/ros/install/vesc_driver:/home/cube-petit/ros/install/vesc_msgs:/home/cube-petit/ros/install/cube_navigation:/home/cube-petit/ros/install/spatio_temporal_voxel_layer:/home/cube-petit/ros/install/cube_petit_text_to_speech:/home/cube-petit/ros/install/cube_petit_speech_to_text:/home/cube-petit/ros/install/sbgisen_msgs:/home/cube-petit/ros/install/sbgisen_gazebo_plugins:/home/cube-petit/ros/install/sbgisen_docking_plugin:/home/cube-petit/ros/install/ros2_socketcan_msgs:/home/cube-petit/ros/install/cube_server:/home/cube-petit/ros/install/robot_pose_publisher_ros2:/home/cube-petit/ros/install/perception_pcl:/home/cube-petit/ros/install/ira_laser_tools:/home/cube-petit/ros/install/cube_petit_gazebo:/home/cube-petit/ros/install/pcl_ros:/home/cube-petit/ros/install/pcl_conversions:/home/cube-petit/ros/install/openvdb_vendor:/home/cube-petit/ros/install/multi_hc_sr04:/home/cube-petit/ros/install/mpu6050_serial_to_imu:/home/cube-petit/ros/install/lh_laser_driver:/home/cube-petit/ros/install/ldlidar_stl_ros2:/home/cube-petit/ros/install/kinect2_bridge:/home/cube-petit/ros/install/kinect2_registration:/home/cube-petit/ros/install/imu_filter_tools:/home/cube-petit/ros/install/imu_drift_correction:/home/cube-petit/ros/install/hins_driver_laser:/home/cube-petit/ros/install/dji_ros_controller:/home/cube-petit/ros/install/depthai-ros:/home/cube-petit/ros/install/depthai_ros_driver:/home/cube-petit/ros/install/depthai_filters:/home/cube-petit/ros/install/depthai_examples:/home/cube-petit/ros/install/depthai_bridge:/home/cube-petit/ros/install/depthai_ros_msgs:/home/cube-petit/ros/install/depthai_hand_tracker:/home/cube-petit/ros/install/depthai_descriptions:/home/cube-petit/ros/install/cube_teleop:/home/cube-petit/ros/install/cube_petit_ros:/home/cube-petit/ros/install/cube_petit_hardware_interface:/home/cube-petit/ros/install/cube_petit_facial_animation:/home/cube-petit/ros/install/cube_petit_description:/home/cube-petit/ros/install/cube_speech:/home/cube-petit/ros/install/cube_diagnostic:/opt/ros/humble:/home/cube-petit/ros/install/cube_petit_bringup:/home/cube-petit/ros/install/cube_expression:/home/cube-petit/ros/install/cube_description:/home/cube-petit/ros/install/brass_gazebo_battery:/home/cube-petit/ros/install/akulidar_ros /usr/bin/cmake --install /home/cube-petit/ros/src/cube_petit_ros/build/cube_petit_ros[0m
[4.214s] [34mcolcon.colcon_core.environment[0m [1;30mLevel 1[0m create_environment_scripts_only(cube_petit_ros)
[4.214s] [34mcolcon.colcon_core.environment[0m [1;30mLevel 1[0m checking '/home/cube-petit/ros/src/cube_petit_ros/install/cube_petit_ros' for CMake module files
[4.215s] [34mcolcon.colcon_core.event_handler.log_command[0m [1;30mDEBUG[0m [32mInvoked command in '/home/cube-petit/ros/src/cube_petit_ros/build/cube_petit_ros' returned '0': AMENT_PREFIX_PATH=/home/cube-petit/ros/src/cube_petit_ros/install/cube_petit_description:${AMENT_PREFIX_PATH} CMAKE_PREFIX_PATH=/home/cube-petit/ros/src/cube_petit_ros/install/cube_petit_description:/home/cube-petit/ros/install/vesc:/home/cube-petit/ros/install/cube:/home/cube-petit/ros/install/cube_gazebo:/home/cube-petit/ros/install/cube_bringup:/home/cube-petit/ros/install/cube_hw_interface:/home/cube-petit/ros/install/vesc_hw_interface:/home/cube-petit/ros/install/vesc_driver:/home/cube-petit/ros/install/vesc_msgs:/home/cube-petit/ros/install/cube_navigation:/home/cube-petit/ros/install/spatio_temporal_voxel_layer:/home/cube-petit/ros/install/cube_petit_text_to_speech:/home/cube-petit/ros/install/cube_petit_speech_to_text:/home/cube-petit/ros/install/sbgisen_msgs:/home/cube-petit/ros/install/sbgisen_gazebo_plugins:/home/cube-petit/ros/install/sbgisen_docking_plugin:/home/cube-petit/ros/install/ros2_socketcan_msgs:/home/cube-petit/ros/install/cube_server:/home/cube-petit/ros/install/robot_pose_publisher_ros2:/home/cube-petit/ros/install/perception_pcl:/home/cube-petit/ros/install/ira_laser_tools:/home/cube-petit/ros/install/cube_petit_gazebo:/home/cube-petit/ros/install/pcl_ros:/home/cube-petit/ros/install/pcl_conversions:/home/cube-petit/ros/install/openvdb_vendor:/home/cube-petit/ros/install/multi_hc_sr04:/home/cube-petit/ros/install/mpu6050_serial_to_imu:/home/cube-petit/ros/install/lh_laser_driver:/home/cube-petit/ros/install/ldlidar_stl_ros2:/home/cube-petit/ros/install/kinect2_bridge:/home/cube-petit/ros/install/kinect2_registration:/home/cube-petit/ros/install/imu_filter_tools:/home/cube-petit/ros/install/imu_drift_correction:/home/cube-petit/ros/install/hins_driver_laser:/home/cube-petit/ros/install/dji_ros_controller:/home/cube-petit/ros/install/depthai-ros:/home/cube-petit/ros/install/depthai_ros_driver:/home/cube-petit/ros/install/depthai_filters:/home/cube-petit/ros/install/depthai_examples:/home/cube-petit/ros/install/depthai_bridge:/home/cube-petit/ros/install/depthai_ros_msgs:/home/cube-petit/ros/install/depthai_hand_tracker:/home/cube-petit/ros/install/depthai_descriptions:/home/cube-petit/ros/install/cube_teleop:/home/cube-petit/ros/install/cube_petit_ros:/home/cube-petit/ros/install/cube_petit_hardware_interface:/home/cube-petit/ros/install/cube_petit_facial_animation:/home/cube-petit/ros/install/cube_petit_description:/home/cube-petit/ros/install/cube_speech:/home/cube-petit/ros/install/cube_diagnostic:/opt/ros/humble:/home/cube-petit/ros/install/cube_petit_bringup:/home/cube-petit/ros/install/cube_expression:/home/cube-petit/ros/install/cube_description:/home/cube-petit/ros/install/brass_gazebo_battery:/home/cube-petit/ros/install/akulidar_ros /usr/bin/cmake --install /home/cube-petit/ros/src/cube_petit_ros/build/cube_petit_ros[0m
[4.215s] [34mcolcon.colcon_core.environment[0m [1;30mLevel 1[0m checking '/home/cube-petit/ros/src/cube_petit_ros/install/cube_petit_ros' for CMake config files
[4.215s] [34mcolcon.colcon_core.shell[0m [1;30mLevel 1[0m create_environment_hook('cube_petit_ros', 'cmake_prefix_path')
[4.216s] [34mcolcon.colcon_core.shell[0m [1;30mINFO[0m Creating environment hook '/home/cube-petit/ros/src/cube_petit_ros/install/cube_petit_ros/share/cube_petit_ros/hook/cmake_prefix_path.ps1'
[4.216s] [34mcolcon.colcon_core.shell[0m [1;30mINFO[0m Creating environment descriptor '/home/cube-petit/ros/src/cube_petit_ros/install/cube_petit_ros/share/cube_petit_ros/hook/cmake_prefix_path.dsv'
[4.216s] [34mcolcon.colcon_core.shell[0m [1;30mINFO[0m Creating environment hook '/home/cube-petit/ros/src/cube_petit_ros/install/cube_petit_ros/share/cube_petit_ros/hook/cmake_prefix_path.sh'
[4.216s] [34mcolcon.colcon_core.environment[0m [1;30mLevel 1[0m checking '/home/cube-petit/ros/src/cube_petit_ros/install/cube_petit_ros/bin'
[4.216s] [34mcolcon.colcon_core.environment[0m [1;30mLevel 1[0m checking '/home/cube-petit/ros/src/cube_petit_ros/install/cube_petit_ros/lib/pkgconfig/cube_petit_ros.pc'
[4.217s] [34mcolcon.colcon_core.environment[0m [1;30mLevel 1[0m checking '/home/cube-petit/ros/src/cube_petit_ros/install/cube_petit_ros/lib/python3.10/site-packages'
[4.217s] [34mcolcon.colcon_core.environment[0m [1;30mLevel 1[0m checking '/home/cube-petit/ros/src/cube_petit_ros/install/cube_petit_ros/bin'
[4.217s] [34mcolcon.colcon_core.shell[0m [1;30mINFO[0m Creating package script '/home/cube-petit/ros/src/cube_petit_ros/install/cube_petit_ros/share/cube_petit_ros/package.ps1'
[4.217s] [34mcolcon.colcon_core.shell[0m [1;30mINFO[0m Creating package descriptor '/home/cube-petit/ros/src/cube_petit_ros/install/cube_petit_ros/share/cube_petit_ros/package.dsv'
[4.217s] [34mcolcon.colcon_core.shell[0m [1;30mINFO[0m Creating package script '/home/cube-petit/ros/src/cube_petit_ros/install/cube_petit_ros/share/cube_petit_ros/package.sh'
[4.218s] [34mcolcon.colcon_core.shell[0m [1;30mINFO[0m Creating package script '/home/cube-petit/ros/src/cube_petit_ros/install/cube_petit_ros/share/cube_petit_ros/package.bash'
[4.218s] [34mcolcon.colcon_core.shell[0m [1;30mINFO[0m Creating package script '/home/cube-petit/ros/src/cube_petit_ros/install/cube_petit_ros/share/cube_petit_ros/package.zsh'
[4.218s] [34mcolcon.colcon_core.environment[0m [1;30mLevel 1[0m create_file_with_runtime_dependencies(/home/cube-petit/ros/src/cube_petit_ros/install/cube_petit_ros/share/colcon-core/packages/cube_petit_ros)
[4.220s] [34mcolcon.colcon_core.event_handler.log_command[0m [1;30mDEBUG[0m [32mInvoked command in '/home/cube-petit/ros/src/cube_petit_ros/build/cube_petit_gazebo' returned '0': AMENT_PREFIX_PATH=/home/cube-petit/ros/src/cube_petit_ros/install/cube_petit_description:${AMENT_PREFIX_PATH} CMAKE_PREFIX_PATH=/home/cube-petit/ros/src/cube_petit_ros/install/cube_petit_description:/home/cube-petit/ros/install/vesc:/home/cube-petit/ros/install/cube:/home/cube-petit/ros/install/cube_gazebo:/home/cube-petit/ros/install/cube_bringup:/home/cube-petit/ros/install/cube_hw_interface:/home/cube-petit/ros/install/vesc_hw_interface:/home/cube-petit/ros/install/vesc_driver:/home/cube-petit/ros/install/vesc_msgs:/home/cube-petit/ros/install/cube_navigation:/home/cube-petit/ros/install/spatio_temporal_voxel_layer:/home/cube-petit/ros/install/cube_petit_text_to_speech:/home/cube-petit/ros/install/cube_petit_speech_to_text:/home/cube-petit/ros/install/sbgisen_msgs:/home/cube-petit/ros/install/sbgisen_gazebo_plugins:/home/cube-petit/ros/install/sbgisen_docking_plugin:/home/cube-petit/ros/install/ros2_socketcan_msgs:/home/cube-petit/ros/install/cube_server:/home/cube-petit/ros/install/robot_pose_publisher_ros2:/home/cube-petit/ros/install/perception_pcl:/home/cube-petit/ros/install/ira_laser_tools:/home/cube-petit/ros/install/cube_petit_gazebo:/home/cube-petit/ros/install/pcl_ros:/home/cube-petit/ros/install/pcl_conversions:/home/cube-petit/ros/install/openvdb_vendor:/home/cube-petit/ros/install/multi_hc_sr04:/home/cube-petit/ros/install/mpu6050_serial_to_imu:/home/cube-petit/ros/install/lh_laser_driver:/home/cube-petit/ros/install/ldlidar_stl_ros2:/home/cube-petit/ros/install/kinect2_bridge:/home/cube-petit/ros/install/kinect2_registration:/home/cube-petit/ros/install/imu_filter_tools:/home/cube-petit/ros/install/imu_drift_correction:/home/cube-petit/ros/install/hins_driver_laser:/home/cube-petit/ros/install/dji_ros_controller:/home/cube-petit/ros/install/depthai-ros:/home/cube-petit/ros/install/depthai_ros_driver:/home/cube-petit/ros/install/depthai_filters:/home/cube-petit/ros/install/depthai_examples:/home/cube-petit/ros/install/depthai_bridge:/home/cube-petit/ros/install/depthai_ros_msgs:/home/cube-petit/ros/install/depthai_hand_tracker:/home/cube-petit/ros/install/depthai_descriptions:/home/cube-petit/ros/install/cube_teleop:/home/cube-petit/ros/install/cube_petit_ros:/home/cube-petit/ros/install/cube_petit_hardware_interface:/home/cube-petit/ros/install/cube_petit_facial_animation:/home/cube-petit/ros/install/cube_petit_description:/home/cube-petit/ros/install/cube_speech:/home/cube-petit/ros/install/cube_diagnostic:/opt/ros/humble:/home/cube-petit/ros/install/cube_petit_bringup:/home/cube-petit/ros/install/cube_expression:/home/cube-petit/ros/install/cube_description:/home/cube-petit/ros/install/brass_gazebo_battery:/home/cube-petit/ros/install/akulidar_ros /usr/bin/cmake --build /home/cube-petit/ros/src/cube_petit_ros/build/cube_petit_gazebo -- -j16 -l16[0m
[4.256s] [34mcolcon.colcon_core.environment[0m [1;30mLevel 1[0m create_environment_scripts_only(cube_petit_ros)
[4.257s] [34mcolcon.colcon_core.environment[0m [1;30mLevel 1[0m checking '/home/cube-petit/ros/src/cube_petit_ros/install/cube_petit_ros' for CMake module files
[4.257s] [34mcolcon.colcon_core.environment[0m [1;30mLevel 1[0m checking '/home/cube-petit/ros/src/cube_petit_ros/install/cube_petit_ros' for CMake config files
[4.257s] [34mcolcon.colcon_core.shell[0m [1;30mLevel 1[0m create_environment_hook('cube_petit_ros', 'cmake_prefix_path')
[4.257s] [34mcolcon.colcon_core.shell[0m [1;30mINFO[0m Creating environment hook '/home/cube-petit/ros/src/cube_petit_ros/install/cube_petit_ros/share/cube_petit_ros/hook/cmake_prefix_path.ps1'
[4.258s] [34mcolcon.colcon_core.shell[0m [1;30mINFO[0m Creating environment descriptor '/home/cube-petit/ros/src/cube_petit_ros/install/cube_petit_ros/share/cube_petit_ros/hook/cmake_prefix_path.dsv'
[4.258s] [34mcolcon.colcon_core.shell[0m [1;30mINFO[0m Creating environment hook '/home/cube-petit/ros/src/cube_petit_ros/install/cube_petit_ros/share/cube_petit_ros/hook/cmake_prefix_path.sh'
[4.258s] [34mcolcon.colcon_core.environment[0m [1;30mLevel 1[0m checking '/home/cube-petit/ros/src/cube_petit_ros/install/cube_petit_ros/bin'
[4.258s] [34mcolcon.colcon_core.environment[0m [1;30mLevel 1[0m checking '/home/cube-petit/ros/src/cube_petit_ros/install/cube_petit_ros/lib/pkgconfig/cube_petit_ros.pc'
[4.258s] [34mcolcon.colcon_core.environment[0m [1;30mLevel 1[0m checking '/home/cube-petit/ros/src/cube_petit_ros/install/cube_petit_ros/lib/python3.10/site-packages'
[4.259s] [34mcolcon.colcon_core.environment[0m [1;30mLevel 1[0m checking '/home/cube-petit/ros/src/cube_petit_ros/install/cube_petit_ros/bin'
[4.259s] [34mcolcon.colcon_core.shell[0m [1;30mINFO[0m Creating package script '/home/cube-petit/ros/src/cube_petit_ros/install/cube_petit_ros/share/cube_petit_ros/package.ps1'
[4.259s] [34mcolcon.colcon_core.shell[0m [1;30mINFO[0m Creating package descriptor '/home/cube-petit/ros/src/cube_petit_ros/install/cube_petit_ros/share/cube_petit_ros/package.dsv'
[4.259s] [34mcolcon.colcon_core.shell[0m [1;30mINFO[0m Creating package script '/home/cube-petit/ros/src/cube_petit_ros/install/cube_petit_ros/share/cube_petit_ros/package.sh'
[4.260s] [34mcolcon.colcon_core.shell[0m [1;30mINFO[0m Creating package script '/home/cube-petit/ros/src/cube_petit_ros/install/cube_petit_ros/share/cube_petit_ros/package.bash'
[4.260s] [34mcolcon.colcon_core.shell[0m [1;30mINFO[0m Creating package script '/home/cube-petit/ros/src/cube_petit_ros/install/cube_petit_ros/share/cube_petit_ros/package.zsh'
[4.260s] [34mcolcon.colcon_core.environment[0m [1;30mLevel 1[0m create_file_with_runtime_dependencies(/home/cube-petit/ros/src/cube_petit_ros/install/cube_petit_ros/share/colcon-core/packages/cube_petit_ros)
[4.262s] [34mcolcon.colcon_core.event_handler.log_command[0m [1;30mDEBUG[0m [32mInvoking command in '/home/cube-petit/ros/src/cube_petit_ros/build/cube_petit_gazebo': AMENT_PREFIX_PATH=/home/cube-petit/ros/src/cube_petit_ros/install/cube_petit_description:${AMENT_PREFIX_PATH} CMAKE_PREFIX_PATH=/home/cube-petit/ros/src/cube_petit_ros/install/cube_petit_description:/home/cube-petit/ros/install/vesc:/home/cube-petit/ros/install/cube:/home/cube-petit/ros/install/cube_gazebo:/home/cube-petit/ros/install/cube_bringup:/home/cube-petit/ros/install/cube_hw_interface:/home/cube-petit/ros/install/vesc_hw_interface:/home/cube-petit/ros/install/vesc_driver:/home/cube-petit/ros/install/vesc_msgs:/home/cube-petit/ros/install/cube_navigation:/home/cube-petit/ros/install/spatio_temporal_voxel_layer:/home/cube-petit/ros/install/cube_petit_text_to_speech:/home/cube-petit/ros/install/cube_petit_speech_to_text:/home/cube-petit/ros/install/sbgisen_msgs:/home/cube-petit/ros/install/sbgisen_gazebo_plugins:/home/cube-petit/ros/install/sbgisen_docking_plugin:/home/cube-petit/ros/install/ros2_socketcan_msgs:/home/cube-petit/ros/install/cube_server:/home/cube-petit/ros/install/robot_pose_publisher_ros2:/home/cube-petit/ros/install/perception_pcl:/home/cube-petit/ros/install/ira_laser_tools:/home/cube-petit/ros/install/cube_petit_gazebo:/home/cube-petit/ros/install/pcl_ros:/home/cube-petit/ros/install/pcl_conversions:/home/cube-petit/ros/install/openvdb_vendor:/home/cube-petit/ros/install/multi_hc_sr04:/home/cube-petit/ros/install/mpu6050_serial_to_imu:/home/cube-petit/ros/install/lh_laser_driver:/home/cube-petit/ros/install/ldlidar_stl_ros2:/home/cube-petit/ros/install/kinect2_bridge:/home/cube-petit/ros/install/kinect2_registration:/home/cube-petit/ros/install/imu_filter_tools:/home/cube-petit/ros/install/imu_drift_correction:/home/cube-petit/ros/install/hins_driver_laser:/home/cube-petit/ros/install/dji_ros_controller:/home/cube-petit/ros/install/depthai-ros:/home/cube-petit/ros/install/depthai_ros_driver:/home/cube-petit/ros/install/depthai_filters:/home/cube-petit/ros/install/depthai_examples:/home/cube-petit/ros/install/depthai_bridge:/home/cube-petit/ros/install/depthai_ros_msgs:/home/cube-petit/ros/install/depthai_hand_tracker:/home/cube-petit/ros/install/depthai_descriptions:/home/cube-petit/ros/install/cube_teleop:/home/cube-petit/ros/install/cube_petit_ros:/home/cube-petit/ros/install/cube_petit_hardware_interface:/home/cube-petit/ros/install/cube_petit_facial_animation:/home/cube-petit/ros/install/cube_petit_description:/home/cube-petit/ros/install/cube_speech:/home/cube-petit/ros/install/cube_diagnostic:/opt/ros/humble:/home/cube-petit/ros/install/cube_petit_bringup:/home/cube-petit/ros/install/cube_expression:/home/cube-petit/ros/install/cube_description:/home/cube-petit/ros/install/brass_gazebo_battery:/home/cube-petit/ros/install/akulidar_ros /usr/bin/cmake --install /home/cube-petit/ros/src/cube_petit_ros/build/cube_petit_gazebo[0m
[4.277s] [34mcolcon.colcon_core.environment[0m [1;30mLevel 1[0m create_environment_scripts_only(cube_petit_gazebo)
[4.278s] [34mcolcon.colcon_core.environment[0m [1;30mLevel 1[0m checking '/home/cube-petit/ros/src/cube_petit_ros/install/cube_petit_gazebo' for CMake module files
[4.278s] [34mcolcon.colcon_core.event_handler.log_command[0m [1;30mDEBUG[0m [32mInvoked command in '/home/cube-petit/ros/src/cube_petit_ros/build/cube_petit_gazebo' returned '0': AMENT_PREFIX_PATH=/home/cube-petit/ros/src/cube_petit_ros/install/cube_petit_description:${AMENT_PREFIX_PATH} CMAKE_PREFIX_PATH=/home/cube-petit/ros/src/cube_petit_ros/install/cube_petit_description:/home/cube-petit/ros/install/vesc:/home/cube-petit/ros/install/cube:/home/cube-petit/ros/install/cube_gazebo:/home/cube-petit/ros/install/cube_bringup:/home/cube-petit/ros/install/cube_hw_interface:/home/cube-petit/ros/install/vesc_hw_interface:/home/cube-petit/ros/install/vesc_driver:/home/cube-petit/ros/install/vesc_msgs:/home/cube-petit/ros/install/cube_navigation:/home/cube-petit/ros/install/spatio_temporal_voxel_layer:/home/cube-petit/ros/install/cube_petit_text_to_speech:/home/cube-petit/ros/install/cube_petit_speech_to_text:/home/cube-petit/ros/install/sbgisen_msgs:/home/cube-petit/ros/install/sbgisen_gazebo_plugins:/home/cube-petit/ros/install/sbgisen_docking_plugin:/home/cube-petit/ros/install/ros2_socketcan_msgs:/home/cube-petit/ros/install/cube_server:/home/cube-petit/ros/install/robot_pose_publisher_ros2:/home/cube-petit/ros/install/perception_pcl:/home/cube-petit/ros/install/ira_laser_tools:/home/cube-petit/ros/install/cube_petit_gazebo:/home/cube-petit/ros/install/pcl_ros:/home/cube-petit/ros/install/pcl_conversions:/home/cube-petit/ros/install/openvdb_vendor:/home/cube-petit/ros/install/multi_hc_sr04:/home/cube-petit/ros/install/mpu6050_serial_to_imu:/home/cube-petit/ros/install/lh_laser_driver:/home/cube-petit/ros/install/ldlidar_stl_ros2:/home/cube-petit/ros/install/kinect2_bridge:/home/cube-petit/ros/install/kinect2_registration:/home/cube-petit/ros/install/imu_filter_tools:/home/cube-petit/ros/install/imu_drift_correction:/home/cube-petit/ros/install/hins_driver_laser:/home/cube-petit/ros/install/dji_ros_controller:/home/cube-petit/ros/install/depthai-ros:/home/cube-petit/ros/install/depthai_ros_driver:/home/cube-petit/ros/install/depthai_filters:/home/cube-petit/ros/install/depthai_examples:/home/cube-petit/ros/install/depthai_bridge:/home/cube-petit/ros/install/depthai_ros_msgs:/home/cube-petit/ros/install/depthai_hand_tracker:/home/cube-petit/ros/install/depthai_descriptions:/home/cube-petit/ros/install/cube_teleop:/home/cube-petit/ros/install/cube_petit_ros:/home/cube-petit/ros/install/cube_petit_hardware_interface:/home/cube-petit/ros/install/cube_petit_facial_animation:/home/cube-petit/ros/install/cube_petit_description:/home/cube-petit/ros/install/cube_speech:/home/cube-petit/ros/install/cube_diagnostic:/opt/ros/humble:/home/cube-petit/ros/install/cube_petit_bringup:/home/cube-petit/ros/install/cube_expression:/home/cube-petit/ros/install/cube_description:/home/cube-petit/ros/install/brass_gazebo_battery:/home/cube-petit/ros/install/akulidar_ros /usr/bin/cmake --install /home/cube-petit/ros/src/cube_petit_ros/build/cube_petit_gazebo[0m
[4.278s] [34mcolcon.colcon_core.environment[0m [1;30mLevel 1[0m checking '/home/cube-petit/ros/src/cube_petit_ros/install/cube_petit_gazebo' for CMake config files
[4.278s] [34mcolcon.colcon_core.shell[0m [1;30mLevel 1[0m create_environment_hook('cube_petit_gazebo', 'cmake_prefix_path')
[4.279s] [34mcolcon.colcon_core.shell[0m [1;30mINFO[0m Creating environment hook '/home/cube-petit/ros/src/cube_petit_ros/install/cube_petit_gazebo/share/cube_petit_gazebo/hook/cmake_prefix_path.ps1'
[4.279s] [34mcolcon.colcon_core.shell[0m [1;30mINFO[0m Creating environment descriptor '/home/cube-petit/ros/src/cube_petit_ros/install/cube_petit_gazebo/share/cube_petit_gazebo/hook/cmake_prefix_path.dsv'
[4.279s] [34mcolcon.colcon_core.shell[0m [1;30mINFO[0m Creating environment hook '/home/cube-petit/ros/src/cube_petit_ros/install/cube_petit_gazebo/share/cube_petit_gazebo/hook/cmake_prefix_path.sh'
[4.280s] [34mcolcon.colcon_core.environment[0m [1;30mLevel 1[0m checking '/home/cube-petit/ros/src/cube_petit_ros/install/cube_petit_gazebo/bin'
[4.280s] [34mcolcon.colcon_core.environment[0m [1;30mLevel 1[0m checking '/home/cube-petit/ros/src/cube_petit_ros/install/cube_petit_gazebo/lib/pkgconfig/cube_petit_gazebo.pc'
[4.280s] [34mcolcon.colcon_core.environment[0m [1;30mLevel 1[0m checking '/home/cube-petit/ros/src/cube_petit_ros/install/cube_petit_gazebo/lib/python3.10/site-packages'
[4.280s] [34mcolcon.colcon_core.environment[0m [1;30mLevel 1[0m checking '/home/cube-petit/ros/src/cube_petit_ros/install/cube_petit_gazebo/bin'
[4.280s] [34mcolcon.colcon_core.shell[0m [1;30mINFO[0m Creating package script '/home/cube-petit/ros/src/cube_petit_ros/install/cube_petit_gazebo/share/cube_petit_gazebo/package.ps1'
[4.280s] [34mcolcon.colcon_core.shell[0m [1;30mINFO[0m Creating package descriptor '/home/cube-petit/ros/src/cube_petit_ros/install/cube_petit_gazebo/share/cube_petit_gazebo/package.dsv'
[4.281s] [34mcolcon.colcon_core.shell[0m [1;30mINFO[0m Creating package script '/home/cube-petit/ros/src/cube_petit_ros/install/cube_petit_gazebo/share/cube_petit_gazebo/package.sh'
[4.281s] [34mcolcon.colcon_core.shell[0m [1;30mINFO[0m Creating package script '/home/cube-petit/ros/src/cube_petit_ros/install/cube_petit_gazebo/share/cube_petit_gazebo/package.bash'
[4.281s] [34mcolcon.colcon_core.shell[0m [1;30mINFO[0m Creating package script '/home/cube-petit/ros/src/cube_petit_ros/install/cube_petit_gazebo/share/cube_petit_gazebo/package.zsh'
[4.281s] [34mcolcon.colcon_core.environment[0m [1;30mLevel 1[0m create_file_with_runtime_dependencies(/home/cube-petit/ros/src/cube_petit_ros/install/cube_petit_gazebo/share/colcon-core/packages/cube_petit_gazebo)
[4.328s] [34mcolcon.colcon_core.environment[0m [1;30mLevel 1[0m create_environment_scripts_only(cube_petit_gazebo)
[4.328s] [34mcolcon.colcon_core.environment[0m [1;30mLevel 1[0m checking '/home/cube-petit/ros/src/cube_petit_ros/install/cube_petit_gazebo' for CMake module files
[4.328s] [34mcolcon.colcon_core.environment[0m [1;30mLevel 1[0m checking '/home/cube-petit/ros/src/cube_petit_ros/install/cube_petit_gazebo' for CMake config files
[4.328s] [34mcolcon.colcon_core.shell[0m [1;30mLevel 1[0m create_environment_hook('cube_petit_gazebo', 'cmake_prefix_path')
[4.329s] [34mcolcon.colcon_core.shell[0m [1;30mINFO[0m Creating environment hook '/home/cube-petit/ros/src/cube_petit_ros/install/cube_petit_gazebo/share/cube_petit_gazebo/hook/cmake_prefix_path.ps1'
[4.329s] [34mcolcon.colcon_core.shell[0m [1;30mINFO[0m Creating environment descriptor '/home/cube-petit/ros/src/cube_petit_ros/install/cube_petit_gazebo/share/cube_petit_gazebo/hook/cmake_prefix_path.dsv'
[4.329s] [34mcolcon.colcon_core.shell[0m [1;30mINFO[0m Creating environment hook '/home/cube-petit/ros/src/cube_petit_ros/install/cube_petit_gazebo/share/cube_petit_gazebo/hook/cmake_prefix_path.sh'
[4.330s] [34mcolcon.colcon_core.environment[0m [1;30mLevel 1[0m checking '/home/cube-petit/ros/src/cube_petit_ros/install/cube_petit_gazebo/bin'
[4.330s] [34mcolcon.colcon_core.environment[0m [1;30mLevel 1[0m checking '/home/cube-petit/ros/src/cube_petit_ros/install/cube_petit_gazebo/lib/pkgconfig/cube_petit_gazebo.pc'
[4.330s] [34mcolcon.colcon_core.environment[0m [1;30mLevel 1[0m checking '/home/cube-petit/ros/src/cube_petit_ros/install/cube_petit_gazebo/lib/python3.10/site-packages'
[4.330s] [34mcolcon.colcon_core.environment[0m [1;30mLevel 1[0m checking '/home/cube-petit/ros/src/cube_petit_ros/install/cube_petit_gazebo/bin'
[4.330s] [34mcolcon.colcon_core.shell[0m [1;30mINFO[0m Creating package script '/home/cube-petit/ros/src/cube_petit_ros/install/cube_petit_gazebo/share/cube_petit_gazebo/package.ps1'
[4.330s] [34mcolcon.colcon_core.shell[0m [1;30mINFO[0m Creating package descriptor '/home/cube-petit/ros/src/cube_petit_ros/install/cube_petit_gazebo/share/cube_petit_gazebo/package.dsv'
[4.331s] [34mcolcon.colcon_core.shell[0m [1;30mINFO[0m Creating package script '/home/cube-petit/ros/src/cube_petit_ros/install/cube_petit_gazebo/share/cube_petit_gazebo/package.sh'
[4.331s] [34mcolcon.colcon_core.shell[0m [1;30mINFO[0m Creating package script '/home/cube-petit/ros/src/cube_petit_ros/install/cube_petit_gazebo/share/cube_petit_gazebo/package.bash'
[4.331s] [34mcolcon.colcon_core.shell[0m [1;30mINFO[0m Creating package script '/home/cube-petit/ros/src/cube_petit_ros/install/cube_petit_gazebo/share/cube_petit_gazebo/package.zsh'
[4.331s] [34mcolcon.colcon_core.environment[0m [1;30mLevel 1[0m create_file_with_runtime_dependencies(/home/cube-petit/ros/src/cube_petit_ros/install/cube_petit_gazebo/share/colcon-core/packages/cube_petit_gazebo)
[4.900s] [34mcolcon.colcon_core.event_handler.log_command[0m [1;30mDEBUG[0m [32mInvoked command in '/home/cube-petit/ros/src/cube_petit_ros/build/cube_petit_hardware_interface' returned '0': CMAKE_PREFIX_PATH=/home/cube-petit/ros/install/vesc:/home/cube-petit/ros/install/cube:/home/cube-petit/ros/install/cube_gazebo:/home/cube-petit/ros/install/cube_bringup:/home/cube-petit/ros/install/cube_hw_interface:/home/cube-petit/ros/install/vesc_hw_interface:/home/cube-petit/ros/install/vesc_driver:/home/cube-petit/ros/install/vesc_msgs:/home/cube-petit/ros/install/cube_navigation:/home/cube-petit/ros/install/spatio_temporal_voxel_layer:/home/cube-petit/ros/install/cube_petit_text_to_speech:/home/cube-petit/ros/install/cube_petit_speech_to_text:/home/cube-petit/ros/install/sbgisen_msgs:/home/cube-petit/ros/install/sbgisen_gazebo_plugins:/home/cube-petit/ros/install/sbgisen_docking_plugin:/home/cube-petit/ros/install/ros2_socketcan_msgs:/home/cube-petit/ros/install/cube_server:/home/cube-petit/ros/install/robot_pose_publisher_ros2:/home/cube-petit/ros/install/perception_pcl:/home/cube-petit/ros/install/ira_laser_tools:/home/cube-petit/ros/install/cube_petit_gazebo:/home/cube-petit/ros/install/pcl_ros:/home/cube-petit/ros/install/pcl_conversions:/home/cube-petit/ros/install/openvdb_vendor:/home/cube-petit/ros/install/multi_hc_sr04:/home/cube-petit/ros/install/mpu6050_serial_to_imu:/home/cube-petit/ros/install/lh_laser_driver:/home/cube-petit/ros/install/ldlidar_stl_ros2:/home/cube-petit/ros/install/kinect2_bridge:/home/cube-petit/ros/install/kinect2_registration:/home/cube-petit/ros/install/imu_filter_tools:/home/cube-petit/ros/install/imu_drift_correction:/home/cube-petit/ros/install/hins_driver_laser:/home/cube-petit/ros/install/dji_ros_controller:/home/cube-petit/ros/install/depthai-ros:/home/cube-petit/ros/install/depthai_ros_driver:/home/cube-petit/ros/install/depthai_filters:/home/cube-petit/ros/install/depthai_examples:/home/cube-petit/ros/install/depthai_bridge:/home/cube-petit/ros/install/depthai_ros_msgs:/home/cube-petit/ros/install/depthai_hand_tracker:/home/cube-petit/ros/install/depthai_descriptions:/home/cube-petit/ros/install/cube_teleop:/home/cube-petit/ros/install/cube_petit_ros:/home/cube-petit/ros/install/cube_petit_hardware_interface:/home/cube-petit/ros/install/cube_petit_facial_animation:/home/cube-petit/ros/install/cube_petit_description:/home/cube-petit/ros/install/cube_speech:/home/cube-petit/ros/install/cube_diagnostic:/opt/ros/humble:/home/cube-petit/ros/install/cube_petit_bringup:/home/cube-petit/ros/install/cube_expression:/home/cube-petit/ros/install/cube_description:/home/cube-petit/ros/install/brass_gazebo_battery:/home/cube-petit/ros/install/akulidar_ros /usr/bin/cmake /home/cube-petit/ros/src/cube_petit_ros/cube_petit_hardware_interface -DCMAKE_INSTALL_PREFIX=/home/cube-petit/ros/src/cube_petit_ros/install/cube_petit_hardware_interface[0m
[4.902s] [34mcolcon.colcon_core.event_handler.log_command[0m [1;30mDEBUG[0m [32mInvoking command in '/home/cube-petit/ros/src/cube_petit_ros/build/cube_petit_hardware_interface': CMAKE_PREFIX_PATH=/home/cube-petit/ros/install/vesc:/home/cube-petit/ros/install/cube:/home/cube-petit/ros/install/cube_gazebo:/home/cube-petit/ros/install/cube_bringup:/home/cube-petit/ros/install/cube_hw_interface:/home/cube-petit/ros/install/vesc_hw_interface:/home/cube-petit/ros/install/vesc_driver:/home/cube-petit/ros/install/vesc_msgs:/home/cube-petit/ros/install/cube_navigation:/home/cube-petit/ros/install/spatio_temporal_voxel_layer:/home/cube-petit/ros/install/cube_petit_text_to_speech:/home/cube-petit/ros/install/cube_petit_speech_to_text:/home/cube-petit/ros/install/sbgisen_msgs:/home/cube-petit/ros/install/sbgisen_gazebo_plugins:/home/cube-petit/ros/install/sbgisen_docking_plugin:/home/cube-petit/ros/install/ros2_socketcan_msgs:/home/cube-petit/ros/install/cube_server:/home/cube-petit/ros/install/robot_pose_publisher_ros2:/home/cube-petit/ros/install/perception_pcl:/home/cube-petit/ros/install/ira_laser_tools:/home/cube-petit/ros/install/cube_petit_gazebo:/home/cube-petit/ros/install/pcl_ros:/home/cube-petit/ros/install/pcl_conversions:/home/cube-petit/ros/install/openvdb_vendor:/home/cube-petit/ros/install/multi_hc_sr04:/home/cube-petit/ros/install/mpu6050_serial_to_imu:/home/cube-petit/ros/install/lh_laser_driver:/home/cube-petit/ros/install/ldlidar_stl_ros2:/home/cube-petit/ros/install/kinect2_bridge:/home/cube-petit/ros/install/kinect2_registration:/home/cube-petit/ros/install/imu_filter_tools:/home/cube-petit/ros/install/imu_drift_correction:/home/cube-petit/ros/install/hins_driver_laser:/home/cube-petit/ros/install/dji_ros_controller:/home/cube-petit/ros/install/depthai-ros:/home/cube-petit/ros/install/depthai_ros_driver:/home/cube-petit/ros/install/depthai_filters:/home/cube-petit/ros/install/depthai_examples:/home/cube-petit/ros/install/depthai_bridge:/home/cube-petit/ros/install/depthai_ros_msgs:/home/cube-petit/ros/install/depthai_hand_tracker:/home/cube-petit/ros/install/depthai_descriptions:/home/cube-petit/ros/install/cube_teleop:/home/cube-petit/ros/install/cube_petit_ros:/home/cube-petit/ros/install/cube_petit_hardware_interface:/home/cube-petit/ros/install/cube_petit_facial_animation:/home/cube-petit/ros/install/cube_petit_description:/home/cube-petit/ros/install/cube_speech:/home/cube-petit/ros/install/cube_diagnostic:/opt/ros/humble:/home/cube-petit/ros/install/cube_petit_bringup:/home/cube-petit/ros/install/cube_expression:/home/cube-petit/ros/install/cube_description:/home/cube-petit/ros/install/brass_gazebo_battery:/home/cube-petit/ros/install/akulidar_ros /usr/bin/cmake --build /home/cube-petit/ros/src/cube_petit_ros/build/cube_petit_hardware_interface -- -j16 -l16[0m
[7.631s] [34mcolcon.colcon_core.event_handler.log_command[0m [1;30mDEBUG[0m [32mInvoked command in '/home/cube-petit/ros/src/cube_petit_ros/build/cube_petit_hardware_interface' returned '0': CMAKE_PREFIX_PATH=/home/cube-petit/ros/install/vesc:/home/cube-petit/ros/install/cube:/home/cube-petit/ros/install/cube_gazebo:/home/cube-petit/ros/install/cube_bringup:/home/cube-petit/ros/install/cube_hw_interface:/home/cube-petit/ros/install/vesc_hw_interface:/home/cube-petit/ros/install/vesc_driver:/home/cube-petit/ros/install/vesc_msgs:/home/cube-petit/ros/install/cube_navigation:/home/cube-petit/ros/install/spatio_temporal_voxel_layer:/home/cube-petit/ros/install/cube_petit_text_to_speech:/home/cube-petit/ros/install/cube_petit_speech_to_text:/home/cube-petit/ros/install/sbgisen_msgs:/home/cube-petit/ros/install/sbgisen_gazebo_plugins:/home/cube-petit/ros/install/sbgisen_docking_plugin:/home/cube-petit/ros/install/ros2_socketcan_msgs:/home/cube-petit/ros/install/cube_server:/home/cube-petit/ros/install/robot_pose_publisher_ros2:/home/cube-petit/ros/install/perception_pcl:/home/cube-petit/ros/install/ira_laser_tools:/home/cube-petit/ros/install/cube_petit_gazebo:/home/cube-petit/ros/install/pcl_ros:/home/cube-petit/ros/install/pcl_conversions:/home/cube-petit/ros/install/openvdb_vendor:/home/cube-petit/ros/install/multi_hc_sr04:/home/cube-petit/ros/install/mpu6050_serial_to_imu:/home/cube-petit/ros/install/lh_laser_driver:/home/cube-petit/ros/install/ldlidar_stl_ros2:/home/cube-petit/ros/install/kinect2_bridge:/home/cube-petit/ros/install/kinect2_registration:/home/cube-petit/ros/install/imu_filter_tools:/home/cube-petit/ros/install/imu_drift_correction:/home/cube-petit/ros/install/hins_driver_laser:/home/cube-petit/ros/install/dji_ros_controller:/home/cube-petit/ros/install/depthai-ros:/home/cube-petit/ros/install/depthai_ros_driver:/home/cube-petit/ros/install/depthai_filters:/home/cube-petit/ros/install/depthai_examples:/home/cube-petit/ros/install/depthai_bridge:/home/cube-petit/ros/install/depthai_ros_msgs:/home/cube-petit/ros/install/depthai_hand_tracker:/home/cube-petit/ros/install/depthai_descriptions:/home/cube-petit/ros/install/cube_teleop:/home/cube-petit/ros/install/cube_petit_ros:/home/cube-petit/ros/install/cube_petit_hardware_interface:/home/cube-petit/ros/install/cube_petit_facial_animation:/home/cube-petit/ros/install/cube_petit_description:/home/cube-petit/ros/install/cube_speech:/home/cube-petit/ros/install/cube_diagnostic:/opt/ros/humble:/home/cube-petit/ros/install/cube_petit_bringup:/home/cube-petit/ros/install/cube_expression:/home/cube-petit/ros/install/cube_description:/home/cube-petit/ros/install/brass_gazebo_battery:/home/cube-petit/ros/install/akulidar_ros /usr/bin/cmake --build /home/cube-petit/ros/src/cube_petit_ros/build/cube_petit_hardware_interface -- -j16 -l16[0m
[7.682s] [34mcolcon.colcon_core.event_handler.log_command[0m [1;30mDEBUG[0m [32mInvoking command in '/home/cube-petit/ros/src/cube_petit_ros/build/cube_petit_hardware_interface': CMAKE_PREFIX_PATH=/home/cube-petit/ros/install/vesc:/home/cube-petit/ros/install/cube:/home/cube-petit/ros/install/cube_gazebo:/home/cube-petit/ros/install/cube_bringup:/home/cube-petit/ros/install/cube_hw_interface:/home/cube-petit/ros/install/vesc_hw_interface:/home/cube-petit/ros/install/vesc_driver:/home/cube-petit/ros/install/vesc_msgs:/home/cube-petit/ros/install/cube_navigation:/home/cube-petit/ros/install/spatio_temporal_voxel_layer:/home/cube-petit/ros/install/cube_petit_text_to_speech:/home/cube-petit/ros/install/cube_petit_speech_to_text:/home/cube-petit/ros/install/sbgisen_msgs:/home/cube-petit/ros/install/sbgisen_gazebo_plugins:/home/cube-petit/ros/install/sbgisen_docking_plugin:/home/cube-petit/ros/install/ros2_socketcan_msgs:/home/cube-petit/ros/install/cube_server:/home/cube-petit/ros/install/robot_pose_publisher_ros2:/home/cube-petit/ros/install/perception_pcl:/home/cube-petit/ros/install/ira_laser_tools:/home/cube-petit/ros/install/cube_petit_gazebo:/home/cube-petit/ros/install/pcl_ros:/home/cube-petit/ros/install/pcl_conversions:/home/cube-petit/ros/install/openvdb_vendor:/home/cube-petit/ros/install/multi_hc_sr04:/home/cube-petit/ros/install/mpu6050_serial_to_imu:/home/cube-petit/ros/install/lh_laser_driver:/home/cube-petit/ros/install/ldlidar_stl_ros2:/home/cube-petit/ros/install/kinect2_bridge:/home/cube-petit/ros/install/kinect2_registration:/home/cube-petit/ros/install/imu_filter_tools:/home/cube-petit/ros/install/imu_drift_correction:/home/cube-petit/ros/install/hins_driver_laser:/home/cube-petit/ros/install/dji_ros_controller:/home/cube-petit/ros/install/depthai-ros:/home/cube-petit/ros/install/depthai_ros_driver:/home/cube-petit/ros/install/depthai_filters:/home/cube-petit/ros/install/depthai_examples:/home/cube-petit/ros/install/depthai_bridge:/home/cube-petit/ros/install/depthai_ros_msgs:/home/cube-petit/ros/install/depthai_hand_tracker:/home/cube-petit/ros/install/depthai_descriptions:/home/cube-petit/ros/install/cube_teleop:/home/cube-petit/ros/install/cube_petit_ros:/home/cube-petit/ros/install/cube_petit_hardware_interface:/home/cube-petit/ros/install/cube_petit_facial_animation:/home/cube-petit/ros/install/cube_petit_description:/home/cube-petit/ros/install/cube_speech:/home/cube-petit/ros/install/cube_diagnostic:/opt/ros/humble:/home/cube-petit/ros/install/cube_petit_bringup:/home/cube-petit/ros/install/cube_expression:/home/cube-petit/ros/install/cube_description:/home/cube-petit/ros/install/brass_gazebo_battery:/home/cube-petit/ros/install/akulidar_ros /usr/bin/cmake --install /home/cube-petit/ros/src/cube_petit_ros/build/cube_petit_hardware_interface[0m
[7.695s] [34mcolcon.colcon_core.environment[0m [1;30mLevel 1[0m create_environment_scripts_only(cube_petit_hardware_interface)
[7.695s] [34mcolcon.colcon_core.environment[0m [1;30mLevel 1[0m checking '/home/cube-petit/ros/src/cube_petit_ros/install/cube_petit_hardware_interface' for CMake module files
[7.696s] [34mcolcon.colcon_core.event_handler.log_command[0m [1;30mDEBUG[0m [32mInvoked command in '/home/cube-petit/ros/src/cube_petit_ros/build/cube_petit_hardware_interface' returned '0': CMAKE_PREFIX_PATH=/home/cube-petit/ros/install/vesc:/home/cube-petit/ros/install/cube:/home/cube-petit/ros/install/cube_gazebo:/home/cube-petit/ros/install/cube_bringup:/home/cube-petit/ros/install/cube_hw_interface:/home/cube-petit/ros/install/vesc_hw_interface:/home/cube-petit/ros/install/vesc_driver:/home/cube-petit/ros/install/vesc_msgs:/home/cube-petit/ros/install/cube_navigation:/home/cube-petit/ros/install/spatio_temporal_voxel_layer:/home/cube-petit/ros/install/cube_petit_text_to_speech:/home/cube-petit/ros/install/cube_petit_speech_to_text:/home/cube-petit/ros/install/sbgisen_msgs:/home/cube-petit/ros/install/sbgisen_gazebo_plugins:/home/cube-petit/ros/install/sbgisen_docking_plugin:/home/cube-petit/ros/install/ros2_socketcan_msgs:/home/cube-petit/ros/install/cube_server:/home/cube-petit/ros/install/robot_pose_publisher_ros2:/home/cube-petit/ros/install/perception_pcl:/home/cube-petit/ros/install/ira_laser_tools:/home/cube-petit/ros/install/cube_petit_gazebo:/home/cube-petit/ros/install/pcl_ros:/home/cube-petit/ros/install/pcl_conversions:/home/cube-petit/ros/install/openvdb_vendor:/home/cube-petit/ros/install/multi_hc_sr04:/home/cube-petit/ros/install/mpu6050_serial_to_imu:/home/cube-petit/ros/install/lh_laser_driver:/home/cube-petit/ros/install/ldlidar_stl_ros2:/home/cube-petit/ros/install/kinect2_bridge:/home/cube-petit/ros/install/kinect2_registration:/home/cube-petit/ros/install/imu_filter_tools:/home/cube-petit/ros/install/imu_drift_correction:/home/cube-petit/ros/install/hins_driver_laser:/home/cube-petit/ros/install/dji_ros_controller:/home/cube-petit/ros/install/depthai-ros:/home/cube-petit/ros/install/depthai_ros_driver:/home/cube-petit/ros/install/depthai_filters:/home/cube-petit/ros/install/depthai_examples:/home/cube-petit/ros/install/depthai_bridge:/home/cube-petit/ros/install/depthai_ros_msgs:/home/cube-petit/ros/install/depthai_hand_tracker:/home/cube-petit/ros/install/depthai_descriptions:/home/cube-petit/ros/install/cube_teleop:/home/cube-petit/ros/install/cube_petit_ros:/home/cube-petit/ros/install/cube_petit_hardware_interface:/home/cube-petit/ros/install/cube_petit_facial_animation:/home/cube-petit/ros/install/cube_petit_description:/home/cube-petit/ros/install/cube_speech:/home/cube-petit/ros/install/cube_diagnostic:/opt/ros/humble:/home/cube-petit/ros/install/cube_petit_bringup:/home/cube-petit/ros/install/cube_expression:/home/cube-petit/ros/install/cube_description:/home/cube-petit/ros/install/brass_gazebo_battery:/home/cube-petit/ros/install/akulidar_ros /usr/bin/cmake --install /home/cube-petit/ros/src/cube_petit_ros/build/cube_petit_hardware_interface[0m
[7.696s] [34mcolcon.colcon_core.environment[0m [1;30mLevel 1[0m checking '/home/cube-petit/ros/src/cube_petit_ros/install/cube_petit_hardware_interface' for CMake config files
[7.696s] [34mcolcon.colcon_core.shell[0m [1;30mLevel 1[0m create_environment_hook('cube_petit_hardware_interface', 'cmake_prefix_path')
[7.697s] [34mcolcon.colcon_core.shell[0m [1;30mINFO[0m Creating environment hook '/home/cube-petit/ros/src/cube_petit_ros/install/cube_petit_hardware_interface/share/cube_petit_hardware_interface/hook/cmake_prefix_path.ps1'
[7.697s] [34mcolcon.colcon_core.shell[0m [1;30mINFO[0m Creating environment descriptor '/home/cube-petit/ros/src/cube_petit_ros/install/cube_petit_hardware_interface/share/cube_petit_hardware_interface/hook/cmake_prefix_path.dsv'
[7.697s] [34mcolcon.colcon_core.shell[0m [1;30mINFO[0m Creating environment hook '/home/cube-petit/ros/src/cube_petit_ros/install/cube_petit_hardware_interface/share/cube_petit_hardware_interface/hook/cmake_prefix_path.sh'
[7.697s] [34mcolcon.colcon_core.environment[0m [1;30mLevel 1[0m checking '/home/cube-petit/ros/src/cube_petit_ros/install/cube_petit_hardware_interface/bin'
[7.697s] [34mcolcon.colcon_core.environment[0m [1;30mLevel 1[0m checking '/home/cube-petit/ros/src/cube_petit_ros/install/cube_petit_hardware_interface/lib/pkgconfig/cube_petit_hardware_interface.pc'
[7.698s] [34mcolcon.colcon_core.environment[0m [1;30mLevel 1[0m checking '/home/cube-petit/ros/src/cube_petit_ros/install/cube_petit_hardware_interface/lib/python3.10/site-packages'
[7.698s] [34mcolcon.colcon_core.environment[0m [1;30mLevel 1[0m checking '/home/cube-petit/ros/src/cube_petit_ros/install/cube_petit_hardware_interface/bin'
[7.698s] [34mcolcon.colcon_core.shell[0m [1;30mINFO[0m Creating package script '/home/cube-petit/ros/src/cube_petit_ros/install/cube_petit_hardware_interface/share/cube_petit_hardware_interface/package.ps1'
[7.698s] [34mcolcon.colcon_core.shell[0m [1;30mINFO[0m Creating package descriptor '/home/cube-petit/ros/src/cube_petit_ros/install/cube_petit_hardware_interface/share/cube_petit_hardware_interface/package.dsv'
[7.698s] [34mcolcon.colcon_core.shell[0m [1;30mINFO[0m Creating package script '/home/cube-petit/ros/src/cube_petit_ros/install/cube_petit_hardware_interface/share/cube_petit_hardware_interface/package.sh'
[7.699s] [34mcolcon.colcon_core.shell[0m [1;30mINFO[0m Creating package script '/home/cube-petit/ros/src/cube_petit_ros/install/cube_petit_hardware_interface/share/cube_petit_hardware_interface/package.bash'
[7.699s] [34mcolcon.colcon_core.shell[0m [1;30mINFO[0m Creating package script '/home/cube-petit/ros/src/cube_petit_ros/install/cube_petit_hardware_interface/share/cube_petit_hardware_interface/package.zsh'
[7.699s] [34mcolcon.colcon_core.environment[0m [1;30mLevel 1[0m create_file_with_runtime_dependencies(/home/cube-petit/ros/src/cube_petit_ros/install/cube_petit_hardware_interface/share/colcon-core/packages/cube_petit_hardware_interface)
[7.745s] [34mcolcon.colcon_core.environment[0m [1;30mLevel 1[0m create_environment_scripts_only(cube_petit_hardware_interface)
[7.745s] [34mcolcon.colcon_core.environment[0m [1;30mLevel 1[0m checking '/home/cube-petit/ros/src/cube_petit_ros/install/cube_petit_hardware_interface' for CMake module files
[7.746s] [34mcolcon.colcon_core.environment[0m [1;30mLevel 1[0m checking '/home/cube-petit/ros/src/cube_petit_ros/install/cube_petit_hardware_interface' for CMake config files
[7.746s] [34mcolcon.colcon_core.shell[0m [1;30mLevel 1[0m create_environment_hook('cube_petit_hardware_interface', 'cmake_prefix_path')
[7.746s] [34mcolcon.colcon_core.shell[0m [1;30mINFO[0m Creating environment hook '/home/cube-petit/ros/src/cube_petit_ros/install/cube_petit_hardware_interface/share/cube_petit_hardware_interface/hook/cmake_prefix_path.ps1'
[7.746s] [34mcolcon.colcon_core.shell[0m [1;30mINFO[0m Creating environment descriptor '/home/cube-petit/ros/src/cube_petit_ros/install/cube_petit_hardware_interface/share/cube_petit_hardware_interface/hook/cmake_prefix_path.dsv'
[7.747s] [34mcolcon.colcon_core.shell[0m [1;30mINFO[0m Creating environment hook '/home/cube-petit/ros/src/cube_petit_ros/install/cube_petit_hardware_interface/share/cube_petit_hardware_interface/hook/cmake_prefix_path.sh'
[7.747s] [34mcolcon.colcon_core.environment[0m [1;30mLevel 1[0m checking '/home/cube-petit/ros/src/cube_petit_ros/install/cube_petit_hardware_interface/bin'
[7.747s] [34mcolcon.colcon_core.environment[0m [1;30mLevel 1[0m checking '/home/cube-petit/ros/src/cube_petit_ros/install/cube_petit_hardware_interface/lib/pkgconfig/cube_petit_hardware_interface.pc'
[7.747s] [34mcolcon.colcon_core.environment[0m [1;30mLevel 1[0m checking '/home/cube-petit/ros/src/cube_petit_ros/install/cube_petit_hardware_interface/lib/python3.10/site-packages'
[7.747s] [34mcolcon.colcon_core.environment[0m [1;30mLevel 1[0m checking '/home/cube-petit/ros/src/cube_petit_ros/install/cube_petit_hardware_interface/bin'
[7.748s] [34mcolcon.colcon_core.shell[0m [1;30mINFO[0m Creating package script '/home/cube-petit/ros/src/cube_petit_ros/install/cube_petit_hardware_interface/share/cube_petit_hardware_interface/package.ps1'
[7.748s] [34mcolcon.colcon_core.shell[0m [1;30mINFO[0m Creating package descriptor '/home/cube-petit/ros/src/cube_petit_ros/install/cube_petit_hardware_interface/share/cube_petit_hardware_interface/package.dsv'
[7.748s] [34mcolcon.colcon_core.shell[0m [1;30mINFO[0m Creating package script '/home/cube-petit/ros/src/cube_petit_ros/install/cube_petit_hardware_interface/share/cube_petit_hardware_interface/package.sh'
[7.748s] [34mcolcon.colcon_core.shell[0m [1;30mINFO[0m Creating package script '/home/cube-petit/ros/src/cube_petit_ros/install/cube_petit_hardware_interface/share/cube_petit_hardware_interface/package.bash'
[7.749s] [34mcolcon.colcon_core.shell[0m [1;30mINFO[0m Creating package script '/home/cube-petit/ros/src/cube_petit_ros/install/cube_petit_hardware_interface/share/cube_petit_hardware_interface/package.zsh'
[7.749s] [34mcolcon.colcon_core.environment[0m [1;30mLevel 1[0m create_file_with_runtime_dependencies(/home/cube-petit/ros/src/cube_petit_ros/install/cube_petit_hardware_interface/share/colcon-core/packages/cube_petit_hardware_interface)
[7.749s] [34mcolcon.colcon_parallel_executor.executor.parallel[0m [1;30mDEBUG[0m [32mclosing loop[0m
[7.749s] [34mcolcon.colcon_parallel_executor.executor.parallel[0m [1;30mDEBUG[0m [32mloop closed[0m
[7.749s] [34mcolcon.colcon_parallel_executor.executor.parallel[0m [1;30mDEBUG[0m [32mrun_until_complete finished with '0'[0m
[7.749s] [34mcolcon.colcon_core.event_reactor[0m [1;30mDEBUG[0m [32mjoining thread[0m
[7.756s] [34mcolcon.colcon_core.plugin_system[0m [1;30mINFO[0m Skipping extension 'colcon_notification.desktop_notification.terminal_notifier': Not used on non-Darwin systems
[7.756s] [34mcolcon.colcon_core.plugin_system[0m [1;30mINFO[0m Skipping extension 'colcon_notification.desktop_notification.win32': Not used on non-Windows systems
[7.756s] [34mcolcon.colcon_notification.desktop_notification[0m [1;30mINFO[0m Sending desktop notification using 'notify2'
[7.771s] [34mcolcon.colcon_core.event_reactor[0m [1;30mDEBUG[0m [32mjoined thread[0m
[7.771s] [34mcolcon.colcon_core.shell[0m [1;30mINFO[0m Creating prefix script '/home/cube-petit/ros/src/cube_petit_ros/install/local_setup.ps1'
[7.772s] [34mcolcon.colcon_core.shell[0m [1;30mINFO[0m Creating prefix util module '/home/cube-petit/ros/src/cube_petit_ros/install/_local_setup_util_ps1.py'
[7.774s] [34mcolcon.colcon_core.shell[0m [1;30mINFO[0m Creating prefix chain script '/home/cube-petit/ros/src/cube_petit_ros/install/setup.ps1'
[7.780s] [34mcolcon.colcon_core.shell[0m [1;30mINFO[0m Creating prefix script '/home/cube-petit/ros/src/cube_petit_ros/install/local_setup.sh'
[7.781s] [34mcolcon.colcon_core.shell[0m [1;30mINFO[0m Creating prefix util module '/home/cube-petit/ros/src/cube_petit_ros/install/_local_setup_util_sh.py'
[7.782s] [34mcolcon.colcon_core.shell[0m [1;30mINFO[0m Creating prefix chain script '/home/cube-petit/ros/src/cube_petit_ros/install/setup.sh'
[7.786s] [34mcolcon.colcon_core.shell[0m [1;30mINFO[0m Creating prefix script '/home/cube-petit/ros/src/cube_petit_ros/install/local_setup.bash'
[7.787s] [34mcolcon.colcon_core.shell[0m [1;30mINFO[0m Creating prefix chain script '/home/cube-petit/ros/src/cube_petit_ros/install/setup.bash'
[7.791s] [34mcolcon.colcon_core.shell[0m [1;30mINFO[0m Creating prefix script '/home/cube-petit/ros/src/cube_petit_ros/install/local_setup.zsh'
[7.792s] [34mcolcon.colcon_core.shell[0m [1;30mINFO[0m Creating prefix chain script '/home/cube-petit/ros/src/cube_petit_ros/install/setup.zsh'
